"id","name","location","fullAddress","description","history","image","liveUrl","channelId","heroImages","gallery","rating","reviewsCount","category","liveStatus","openTime","phone","website","mapUrl","viewers","isLive","userId","createdAt","updatedAt","poojaCommissionRate","productCommissionRate","templeId","slug","isActive","accountHolderName","accountNumber","bankName","ifscCode","upiId","subdomain","urlType","pickupLocation","isPrimaryLive","operatingHours"
"cmn73wa5d0003l0jqyvnqg8eh","Shree Udyan Ganesh Mandir","Mumbai, Maharashtra","Veer Savarkar Marg, Shivaji Park Ground, Dadar West, Mumbai, Maharashtra – 400028, India","Shree Udyan Ganesh Mandir enshrines a sacred idol of Lord Ganesh with a right-turned trunk, flanked by the idols of Riddhi and Siddhi. The temple is known for its peaceful environment, strong community bond, and regular participation in religious, social, and charitable activities.","The origins of Shree Udyan Ganesh Mandir date back to 1963, when the idol of Lord Ganesh was discovered beneath a banyan tree at Shivaji Park. As devotion grew among local residents, the temple was officially established on 1 March 1970. Today, it stands as a respected spiritual and cultural landmark in the Shivaji Park area.","/uploads/temples/1775130991069-cropped-image.jpg",,,"[""/uploads/temples/1775110785513-cropped-image.jpg"",""/uploads/temples/1775111013149-cropped-image.jpg""]",,"4.4","0","Ganesh","false","6:00 AM - 9:00 PM","222446663","https://shreeudyanganesh.com/","https://maps.app.goo.gl/A4T8efyJBCK39uiC9","","true","cmn73wa5a0001l0jq2ru9kt30","2026-03-26 06:43:32.065","2026-04-18 05:00:50.661","5","10",,"shree-udyan","true",,,,,,"shree-udyan","slug","TEMPLE_HC9IT","false","[{""end"":""01:00 PM"",""label"":""Morning"",""start"":""07:00 AM"",""active"":true},{""end"":""10:00 PM"",""label"":""Evening"",""start"":""05:00 PM"",""active"":true}]"
"cmn73wa5i0006l0jq3tbfyl71","Kashi Vishveshwar Mandir","Mumbai, Maharashtra","Takandas Kataria Marg, Lokmanya Nagar, Joshi Vadi, Matunga East, Mumbai, Maharashtra – 400016, India","The temple is dedicated to Lord Shiva, worshiped locally as Vishveshwar — “Lord of the Universe.” It serves as a calm spiritual space within the busy Matunga area, where devotees regularly offer prayers and perform rituals.","Kashi Vishveshwar Mandir is a longstanding Shiva temple in Matunga East, known for its peaceful atmosphere and traditional worship practices. Devotees often visit especially during Mahashivratri and other major Hindu festivals.","/uploads/temples/1775220921879-cropped-image.jpg",,,"[]",,"4.6","0","Shiva","false","6:00 AM - 9:00 PM","7080292930","https://www.shrikashivishwanath.org/","https://maps.app.goo.gl/4gBS6ZkaVWzNSbZ77","","true","cmn73wa5g0004l0jqtxyahq03","2026-03-26 06:43:32.071","2026-04-18 05:00:48.063","5","10",,"kashi-vishveshwar","true",,,,,,"kashi-vishveshwar","slug","TEMPLE_3RPXZ","false","[{""end"":""01:00 PM"",""label"":""Morning"",""start"":""07:00 AM"",""active"":true},{""end"":""11:00 PM"",""label"":""Evening"",""start"":""04:00 PM"",""active"":true}]"
"cmn73wa5l0009l0jqb84rad6y","Sitladevi Temple","Mumbai, Maharashtra","Sitladevi Temple Rd, Mahim, Mumbai, Maharashtra 400016, India","The temple is dedicated to Goddess Sitladevi (also called Shitladevi), a manifestation of the Mother Goddess. Sitladevi is traditionally worshipped as a protector against disease and hardship.","Sitladevi Temple in Mahim is a revered local place of worship and heritage shrine serving the community for many decades. Dedicated to Goddess Sitladevi — the deity associated with health and protection.","/uploads/temples/1775219298466-cropped-image.jpg",,,"[""/uploads/temples/1775113097830-cropped-image.jpg""]",,"4.3","0","Sitladevi (Sitala Mata)","false","6:00 AM - 9:00 PM","22404482","https://www.kelwashitladevi.org/","https://maps.app.goo.gl/998cqt4FGYYmVRtw9","","true","cmn73wa5k0007l0jqxnb4b3b2","2026-03-26 06:43:32.074","2026-04-18 05:00:43.671","5","10",,"sitladevi-","true",,,,,,"sitladevi-","slug","TEMPLE_F7BEN","false","[{""end"":""01:00 PM"",""label"":""Morning"",""start"":""07:00 AM"",""active"":true},{""end"":""09:00 PM"",""label"":""Evening"",""start"":""04:00 PM"",""active"":true}]"
"cmn73wa5o000cl0jqds1a1dyu","Ganpatipule Temple","Ganpatipule, Ratnagiri","Ganpatipule, Ratnagiri, Maharashtra 415622, India","The temple enshrines a majestic idol of Lord Ganesha facing west toward the Arabian Sea, symbolizing divine protection from the western direction.","Ganpatipule Temple is a historic shrine dedicated to Lord Ganesha, believed to be a Swayambhu (self-manifested) idol that emerged from the earth centuries ago.","/uploads/temples/1775108951411-cropped-image.jpg",,,"[""/uploads/temples/1775108951418-cropped-image.jpg""]",,"4.5","0","Hindu Temple","false","6:00 AM - 9:00 PM","086699311","https://www.ganpatipule.co.in/Mar/Home","https://maps.app.goo.gl/CStu7ihGRra3d3be7","","true","cmn73wa5n000al0jq8wy0d6bv","2026-03-26 06:43:32.077","2026-04-18 05:00:40.896","5","10",,"ganpatipule","true",,,,,,"ganpatipule","slug","TEMPLE_LVEYZ","false","[{""end"":""01:00 PM"",""label"":""Morning"",""start"":""07:00 AM"",""active"":true},{""end"":""10:00 PM"",""label"":""Evening"",""start"":""05:00 PM"",""active"":true}]"
"cmn73wa5r000fl0jq81fxfkif","Ballaleshwar Mandir, Pali","Pali, Raigad","Taluka Sudhagad, District Raigad, Pali, Maharashtra 410205, India","The temple enshrines Lord Ganapati with his trunk turned left, seated on a stone throne flanked by Siddhi and Riddhi. Built in the shape of the sacred syllable “Shri”.","Ballaleshwar Mandir at Pali is one of the sacred Ashtavinayak temples dedicated to Lord Ganesha and is unique because it is named after a devotee, Ballal.","/uploads/temples/1776059800139-cropped-image.jpg","","","[]",,"0","0","Hindu Temple (Ashtavinayak Shrine)","false","6:00 AM - 9:00 PM","8087874195","https://www.shreeballaleshwarpali.org/","https://maps.app.goo.gl/oq8ra6sat6fAqXsZA","","true","cmn73wa5q000dl0jq3z6uccrb","2026-03-26 06:43:32.079","2026-04-18 05:00:37.302","5","10",,"balleshwar-pali","true",,,,,,"balleshwar-pali","slug","TEMPLE_H87IE","false","[{""end"":""01:00 PM"",""label"":""Morning"",""start"":""07:00 AM"",""active"":true},{""end"":""10:00 PM"",""label"":""Evening"",""start"":""05:00 PM"",""active"":true}]"
"cmn73wa5u000il0jqzfffd9nw","Ambabai Mandir (Mahalaxmi Temple)","Kolhapur, Maharashtra","Shree Ambabai (Mahalaxmi) Temple, Mahadwar Road, B Ward, Kolhapur, Maharashtra 416012, India","The temple is dedicated to Goddess Mahalaxmi (Ambabai), revered as a powerful form of the Mother Goddess associated with wealth, prosperity, and spiritual power.","Ambabai Mandir, commonly known as the Mahalaxmi Temple of Kolhapur, dates back to the 7th century CE, originally established under the Chalukya dynasty.","/uploads/temples/1775117739283-cropped-image.jpg","https://www.youtube.com/watch?v=XcKsNj9E3_g","https://www.youtube.com/watch?v=XcKsNj9E3_g","[""/uploads/temples/1775112220106-cropped-image.jpg"",""/uploads/temples/1775112220115-cropped-image.jpg""]",,"4.7","0","Hindu Temple (Shakti Peetha)","true","6:00 AM - 9:00 PM","9876543211","https://www.mahalaxmikolhapur.com/home","https://maps.app.goo.gl/7oA5AmVkN9Yy2jng9","'6000'","true","cmn73wa5t000gl0jqf3lt8crk","2026-03-26 06:43:32.083","2026-04-18 05:00:34.786","5","10",,"ambabai","true",,,,,,"ambabai","subdomain","TEMPLE_JK8TR","false","[{""end"":""01:00 PM"",""label"":""Morning"",""start"":""07:00 AM"",""active"":true},{""end"":""10:00 PM"",""label"":""Evening"",""start"":""05:00 PM"",""active"":true}]"
"cmn8gw8m00001l0rlou9ew4x5","Shree Ravalnath Temple","Pernem, Pernam Municipal Area, Goa 403512","Shree Ravalnath Mandir, Opp. Pernem Bus Stand,  Pernem, Pernam Municipal Area, Goa 403512","Shree Ravalnath Temple in Pernem, Goa, is a prominent and revered temple dedicated to Lord Ravalnath, worshipped as a powerful guardian deity (Kshetrapal) across Goa and the Konkan region. Known as a Gramdaivat for many local families, this temple holds deep spiritual, cultural, and historical significance among devotees.

The temple is widely visited by devotees seeking protection from negative energies, resolution of personal and family issues, and overall peace and well-being. Lord Ravalnath is believed to be a divine protector who safeguards devotees and ensures justice, making this temple a key spiritual destination in North Goa.

Shree Ravalnath Temple, Pernem, is especially vibrant during major festivals and traditional celebrations, where rituals and poojas are performed with great devotion. The temple continues to preserve age-old customs and attracts devotees from across Goa and nearby regions.

If you are looking to book poojas online at Ravalnath Temple in Pernem or seek divine blessings for protection, peace, and prosperity, this temple remains a significant centre of faith and devotion.",,"/uploads/temples/1775219753768-cropped-image.jpg","https://www.youtube.com/watch?v=8VdGktJ-CzQ","","[""/uploads/temples/1774621435872-cropped-image.jpg""]",,"4.5","0","Shiv","false","""""","9999999999","www.RavalnathPernem.devbhakti.in ","https://maps.app.goo.gl/pUiX4McA6bspZJjB8","""5000""","true","cmn8gw8m00000l0rlvvekx47r","2026-03-27 05:35:11.256","2026-04-19 14:04:40.475","5","10","TMP-ISR8NA","shree-ravalnath-temple","true",,,,,,"shree-ravalnath-temple","slug","TEMPLE_Y70Q7","false","[{""end"":""01:10 PM"",""label"":""Morning"",""start"":""09:00 AM"",""active"":true},{""end"":""8:15 PM"",""label"":""Evening"",""start"":""04:00 PM"",""active"":true}]"
"cmng3hjfs005yl0jymcynyzg7","Shree Jyotiba Devsthan ","Kolhapur , Maharashtra","Jyotiba Dongar, Wadi Ratnagiri, Kolhapur, Maharashtra 416229, India","Shree Jyotiba Devsthan is a famous hilltop temple near Kolhapur dedicated to Lord Jyotiba, believed to be an incarnation of Brahma, Vishnu, and Shiva.
It is widely known for its spiritual importance and the grand Chaitra Poornima festival, where the temple turns pink with gulal.",,"/uploads/temples/1775218701386-cropped-image.jpg",,,"[""/uploads/temples/1775050919775-cropped-image.jpg""]",,"4.5","0","Lord Jyotiba (Kedareshwar)","false","","9274232310","https://shreejyotiba.com/","https://maps.app.goo.gl/nyZt3ety2ppkkXQg7","","false","cmng3hjfs005xl0jy99pwdp7f","2026-04-01 13:41:59.848","2026-04-18 05:00:06.426","5","10","TMP-HRY6EV","shree-jyotiba-devsthan","true",,,,,,"shree-jyotiba-devsthan","slug","TEMPLE_MC3W0","false","[{""end"":""01:00 PM"",""label"":""Morning"",""start"":""07:00 AM"",""active"":true},{""end"":""10:00 PM"",""label"":""Evening"",""start"":""03:00 PM"",""active"":true}]"
"cmnhd5ar8007xl0jynoli1b47","Shrimant Dagdusheth Halwai Ganpati Mandir","Budhwar Peth, Pune City","","One of Pune’s most iconic and visited temples, built in the late 19th century by Dagdusheth Halwai and his wife. The temple is famous for its richly ornamented Ganesha idol and grand celebrations during Ganesh Chaturthi.",,"/uploads/temples/1775127610989-cropped-image.jpg",,,"[]",,"4.5","0","Lord Ganesha","false","","20244964","https://www.dagdushethganpati.com/","https://maps.app.goo.gl/q4GSLChGWsaVYXHZ9","","false","cmnhd5ar8007wl0jy1g8r6y4l","2026-04-02 11:00:11.06","2026-04-18 05:00:03.479","5","10","TMP-TXYBJT","shrimant-dagdusheth-halwai-ganpati-mandir","true",,,,,,"shrimant-dagdusheth-halwai-ganpati-mandir","slug","TEMPLE_LNNJP","false","[{""end"":""01:00 PM"",""label"":""Morning"",""start"":""06:00 AM"",""active"":true},{""end"":""10:00 PM"",""label"":""Evening"",""start"":""05:00 PM"",""active"":true}]"
"cmnihvrmq0016l0g70ky43oeh","Sri Sri Radha Vrindavanchandra Temple","pune,mharashtra","Survey No. 50, Katraj–Kondhwa Road, Tilekar Nagar, Kondhwa Budruk, Pune, Maharashtra – 411048, India","ISKCON NVCC Pune is one of the largest and most beautiful ISKCON temples in India, also known as the New Vedic Cultural Center. It is dedicated to Radha and Krishna in the form of Shri Shri Radha Vrindavanchandra. The temple features stunning marble architecture, grand domes, and a peaceful spiritual atmosphere. It serves as a center for devotion, cultural programs, and teachings of Vedic philosophy. Daily aartis, bhajans, and prasadam distribution attract thousands of devotees. The temple also promotes spiritual learning through festivals and community activities.","","/uploads/temples/1775196030560-cropped-image.jpg",,,"[]",,"0","0","Radha & Krishna","false","","8380077608","https://www.iskconpune.com/","https://maps.app.goo.gl/iDTGWqsQvRY7ySHf6","4000","false","cmnihvrmk0014l0g7v1jnw084","2026-04-03 06:00:30.626","2026-04-18 04:59:59.586","5","10","TMP-IC2FW6","sri-sri-radha-vrindavanchandra-temple","true",,,,,,"sri-sri-radha-vrindavanchandra-temple","slug","TEMPLE_GVU3R","false","[{""end"":""01:00 PM"",""label"":""Morning"",""start"":""07:00 AM"",""active"":true},{""end"":""10:00 PM"",""label"":""Evening"",""start"":""05:00 PM"",""active"":true}]"
"cmninqwci002fl0g7sbbu3zg5","Shree Siddhivinayak Temple","Mumbai , Maharashtra","SK Bole Marg, Prabhadevi, Mumbai, Maharashtra 400028, India","The Shree Siddhivinayak Temple is one of the most famous and revered temples dedicated to Lord Ganesha in India.
It is located in Mumbai, specifically in the Prabhadevi area.
The temple was originally built in 1801 by Laxman Vithu and Deubai Patil.
It is known for fulfilling devotees’ wishes, which is why it is called “Siddhivinayak” (the one who grants wishes).
The idol of Lord Ganesha here is unique, with the trunk turned to the right side.
Devotees from across the country, including celebrities and politicians, visit regularly.
The temple attracts huge crowds, especially on Tuesdays and during Ganesh Chaturthi.
It is considered a powerful place for prayers related to success, prosperity, and happiness.
The temple trust also supports many charitable and social activities.
Today, it stands as a symbol of faith, devotion, and spiritual strength in Mumbai. ",,"/uploads/temples/1775205881078-cropped-image.jpg","https://www.youtube.com/watch?v=1oS-N5Y0QHI","","[]",,"4.7","0","Lord Ganesha","true","","9223121919","https://www.siddhivinayak.org/","https://maps.app.goo.gl/9CSKwa3CsMQ8TAyq7","6000","true","cmninqwci002el0g7y7x1dpcv","2026-04-03 08:44:41.154","2026-04-18 04:59:56.275","5","10","TMP-CAI0HK","shree-siddhivinayak-temple-mumbai","true",,,,,,"shree-siddhivinayak-temple-mumbai","slug","TEMPLE_NYO3A","true","[{""end"":""00:00 PM"",""label"":""Morning"",""start"":""05:30 AM"",""active"":true},{""end"":""09:50 PM"",""label"":""Evening"",""start"":""00:00 PM"",""active"":true}]"
"cmnip39a9002hl0g71xdzt2ms","Shree Saibaba Sansthan Trust, Shirdi","Shirdi ,Maharashtra","Shree Saibaba Sansthan Trust Taluka Rahata, District Ahmednagar Shirdi – 423109 Maharashtra, India","The Shirdi Sai Baba Temple, located in Shirdi, is one of the most sacred pilgrimage sites in India, dedicated to Sai Baba of Shirdi. The temple is built around the Samadhi (resting place) of Sai Baba, where devotees come to seek blessings, peace, and spiritual guidance.

The temple complex is beautifully maintained by the Shree Saibaba Sansthan Trust and includes the Samadhi Mandir, Dwarkamai, Chavadi, and other important places associated with Sai Baba’s life. The idol of Sai Baba, made of white marble, is placed over his Samadhi and attracts millions of devotees every year.

Daily rituals such as Kakad Aarti, Madhyan Aarti, Dhoop Aarti, and Shej Aarti are performed with great devotion, creating a divine atmosphere. The temple also offers facilities like prasadalaya (free meals), accommodation, and darshan arrangements for pilgrims.

Devotees believe that Sai Baba fulfills wishes and removes difficulties, making this temple a symbol of faith, patience (Shraddha and Saburi), and unity among all religions.",,"/uploads/temples/1775208308835-cropped-image.jpg","https://youtu.be/wqYur7HMOoQ","","[]",,"4.3","0","Sai Baba","false","","242325895","https://sai.org.in/","https://maps.app.goo.gl/GT9tvTce2V22JyRX8","","true","cmnip39a9002gl0g7v7ww09w1","2026-04-03 09:22:17.409","2026-04-18 04:59:52.656","5","10","TMP-BXHIBP","shree-saibaba-sansthan-trust-shirdi","true",,,,,,"shree-saibaba-sansthan-trust-shirdi","slug","TEMPLE_T8BS9","false","[{""end"":""00:00 PM"",""label"":""Morning"",""start"":""06:00 AM"",""active"":true},{""end"":""09:00 PM"",""label"":""Evening"",""start"":""0:00 PM"",""active"":true}]"
"cmnipwd2q002jl0g7u1jn2bls","Shri Mahalakshmi Devi Temple, Mumbai","Mumbai, Maharashtra","Bhulabhai Desai Marg, Mahalaxmi West, Cumballa Hill, Mumbai, Maharashtra 400026, India","Shri Mahalakshmi Temple is one of the most famous and sacred temples in Mumbai, dedicated to Goddess Mahalakshmi, the deity of wealth and prosperity. The temple is located near the Arabian Sea, offering a peaceful and spiritual atmosphere to devotees.

It was built in 1831 and is known for its beautiful traditional architecture, with intricate carvings and a divine sanctum. Inside the temple, three idols—Mahalakshmi, Mahakali, and Mahasaraswati—are worshipped together, representing wealth, power, and knowledge.

Thousands of devotees visit the temple daily to seek blessings for success, happiness, and financial stability. The temple becomes especially crowded during festivals like Navratri and Diwali, when it is decorated with lights and flowers.

It is believed that sincere prayers at this temple help fulfill wishes and bring prosperity into life, making it a very important Shakti Peeth for devotees.",,"/uploads/temples/1775209495262-cropped-image.jpg","https://www.youtube.com/watch?v=fhyWGiTPJ9M","","[]",,"4.2","0","Goddess Mahalakshmi","true","","02223513","https://mahalakshmi-temple.com/","https://maps.app.goo.gl/nn8aQQ1s747q2EyG6","3000","true","cmnipwd2q002il0g7wwniabsi","2026-04-03 09:44:55.346","2026-04-18 04:59:48.781","5","10","TMP-ENRJU8","shri-mahalakshmi-temple-mumbai","true",,,,,,"shri-mahalakshmi-temple-mumbai","slug","TEMPLE_5QE6E","false","[{""end"":""11:45 PM"",""label"":""Morning"",""start"":""06:00 AM"",""active"":true},{""end"":""10:00 PM"",""label"":""Evening"",""start"":""12:20 PM"",""active"":true}]"
"cmniqbz36002ll0g724bzxs0u","Shri Tulja Bhavani Temple ","Tuljapur , Maharashtra ","Raje Shahaji Mahadwar Road, Jijamata Nagar, Tuljapur, Dharashiv (Osmanabad) District, Maharashtra – 413601,","Shri Tulja Bhavani Temple is one of the most sacred and powerful temples in Maharashtra, located in the town of Tuljapur. The temple is dedicated to Goddess Bhavani, a fierce and protective form of Durga, worshipped as the giver of strength and courage. It is considered one of the important Shakti Peethas in India and holds deep religious significance among devotees.

The temple is believed to have been built in the 12th century and showcases traditional Hemadpanti-style architecture made of stone. The idol of Goddess Bhavani is regarded as Swayambhu (self-manifested), which increases its spiritual importance. Devotees believe that the goddess fulfills wishes and protects her followers from difficulties.

Historically, the temple is closely associated with Chhatrapati Shivaji Maharaj, who considered Tulja Bhavani as his Kuldevi (family deity). It is believed that he received a divine sword from the goddess, symbolizing power and victory.

The temple attracts lakhs of devotees throughout the year, especially during festivals like Navratri and Dussehra, when special rituals and grand celebrations are held. The temple complex also includes several smaller shrines, holy water tanks, and sacred spots that enhance the spiritual experience.

Overall, Shri Tulja Bhavani Temple is not just a place of worship but a center of faith, history, and cultural heritage, where devotees come seeking blessings for protection, success, and prosperity.",,"/uploads/temples/1775210791980-cropped-image.jpg",,,"[]",,"4.4","0","Tulja Bhavani.","false","","2472242031","https://shrituljabhavani.org/","https://maps.app.goo.gl/1u553SQgd3BwoBmS6","2000","false","cmniqbz36002kl0g7u597867c","2026-04-03 09:57:03.715","2026-04-18 04:59:40.231","5","10","TMP-K8PV5E","shri-tulja-bhavani-temple-tuljapur","true",,,,,,"shri-tulja-bhavani-temple-tuljapur","slug","TEMPLE_2H193","false","[{""end"":""00:00 PM"",""label"":""Morning"",""start"":""10:00 AM"",""active"":true},{""end"":""00:00 PM"",""label"":""Evening"",""start"":""06:00 PM"",""active"":true}]"
"cmnir2mtd002nl0g7oxkgz3ks","Shri Bhairavnath Temple","Goregaon, Raigad ,Maharashtra ","Goregaon, Taluka Mangaon, District Raigad, Maharashtra, India","Shri Bhairavnath Temple in Goregaon is a revered Hindu temple dedicated to Lord Bhairavnath, a fierce and protective form of Lord Shiva. The deity is locally known as Bhairi Bhavani or Kal Bhairav, worshipped widely across the Konkan region.

The temple holds strong cultural and spiritual importance among local communities such as Maratha, Koli, Agari, and others, where Bhairavnath is considered a Kulswami (family deity).

Devotees believe that Bhairavnath acts as a guardian deity (Kshetrapal) who protects the village and removes negative energies. The temple is simple yet spiritually powerful, attracting devotees especially during festivals and special पूजा rituals.",,"/uploads/temples/1775211467432-cropped-image.jpg",,,"[""/uploads/temples/1775213119360-cropped-image.jpg""]",,"4.5","0","Bhairvnath","false","","9999999999","","https://maps.app.goo.gl/teznXh49LNTTke9FA","","false","cmnir2mtd002ml0g7q7ofq646","2026-04-03 10:17:47.522","2026-04-18 04:59:36.871","5","10","TMP-KNNC7Z","shri-bhairavnath-temple","true",,,,,,"shri-bhairavnath-temple","slug","TEMPLE_RYESY","false","[{""end"":""01:00 PM"",""label"":""Morning"",""start"":""07:00 AM"",""active"":true},{""end"":""10:00 PM"",""label"":""Evening"",""start"":""05:00 PM"",""active"":true}]"
"cmnirhr0u002pl0g7qv0u188a","Shri Devi Bhagavati Temple","Prenem, Goa","Shri Devi Bhagavati Temple, Pernam Municipal Area, Goa 403512","Shri Devi Bhagavati Temple is known for its peaceful and spiritual atmosphere, attracting devotees throughout the year. The temple showcases traditional architecture with a beautifully decorated sanctum where the idol of Goddess Bhagavati is worshipped with deep devotion. The deity is often adorned with ornaments and vibrant clothes, especially during festivals.

Daily rituals, aartis, and special poojas are performed by temple priests, creating a divine and uplifting environment. The temple becomes especially vibrant during festivals like Navratri, when large numbers of devotees visit to seek blessings for prosperity, protection, and well-being.

Surrounded by natural beauty, the temple offers a calm and serene place for prayer and meditation, making it not only a religious site but also a place of inner peace.",,"/uploads/temples/1775212172744-cropped-image.jpg",,,"[""/uploads/temples/1775799306889-cropped-image.jpg""]",,"4.4","0","Devi Bhagvati","false","","9977132452","","https://maps.app.goo.gl/qtJ2PZUpSD2YQLibA","","false","cmnirhr0t002ol0g7w3eitxrc","2026-04-03 10:29:32.814","2026-04-18 04:59:33.79","5","10","TMP-J9KEDM","shri-devi-bhagavati-temple","true",,,,,,"shri-devi-bhagavati-temple","slug","TEMPLE_GCYO5","false","[{""end"":""01:00 PM"",""label"":""Morning"",""start"":""09:00 AM"",""active"":true},{""end"":""8:00 PM"",""label"":""Evening"",""start"":""03:30 PM"",""active"":true}]"
"cmnirwvur002rl0g7a2nbz06s","Shree Devi Mauli Mandir","Pernem , Goa","PQ8Q+9CC, Pernem, Pernem Municipal Area, North Goa, Goa – 403512, India","Shree Devi Mauli Mandir is a peaceful and spiritually significant Hindu temple located in the Pernem region of Goa. The temple is surrounded by natural beauty, greenery, and a calm village atmosphere, which makes it a serene place for devotees and visitors.

This temple is an important center of faith for local people, and the daily life of nearby villages often revolves around such temples in Pernem.

The temple is known for its simplicity, traditional Goan temple architecture, and strong devotional environment. During festivals and special occasions, the temple becomes lively with rituals, bhajans, and community gatherings.

The term “Mauli” means Mother, symbolizing the goddess as a caring and protective divine mother for devotees.",,"/uploads/temples/1775631973222-cropped-image.jpg",,,"[]",,"4.4","0","Mauli Devi","false","","9999999999","","https://maps.app.goo.gl/s9PVjLBjrdvqUfud7","","false","cmnirwvur002ql0g7hus6jzvj","2026-04-03 10:41:18.915","2026-04-18 04:59:26.81","5","10","TMP-VMFLPB","shree-devi-mauli-mandir","true",,,,,,"shree-devi-mauli-mandir","slug","TEMPLE_I0P0M","false","[{""end"":""01:00 PM"",""label"":""Morning"",""start"":""09:00 AM"",""active"":true},{""end"":""8:00 PM"",""label"":""Evening"",""start"":""03:30 PM"",""active"":true}]"
"cmnkczwc50083l0g7nd4on1nh","Shri Swami Samarth Maharaj Temple","Akkalkot, Solapur.","Math Road, Budhwar Peth, Akkalkot, District Solapur, Maharashtra – 413216, India","The Shri Swami Samarth Temple in Akkalkot is one of the most revered pilgrimage destinations dedicated to Swami Samarth, a widely respected saint believed to be an incarnation of Lord Dattatreya. The temple holds immense spiritual significance as it stands at the sacred place where Swami Samarth spent a major part of his life guiding devotees and spreading wisdom.

At the heart of the temple lies the holy Vatavruksha (banyan tree), under which Swami Samarth is believed to have performed divine acts and blessed countless followers. The serene environment, continuous chanting, and devotional atmosphere make it a deeply peaceful and spiritually uplifting place.

Thousands of devotees visit the temple daily to seek blessings, offer prayers, and experience inner peace. Special occasions like Datta Jayanti and Swami Samarth Prakat Din are celebrated with great devotion and attract pilgrims from across the country.

The temple complex is well-maintained and provides facilities for darshan, पूजा, and accommodation, making it a convenient and sacred destination for spiritual seekers.",,"/uploads/temples/1775308757532-cropped-image.jpg",,,"[""/uploads/temples/1775308757538-cropped-image.jpg""]",,"4.7","0","Swami Samarth ","false","","021812208","https://shreeswamisamarthsansthan.in/","https://maps.app.goo.gl/NwRRZWZQADU8hZUd7","4000","false","cmnkczwc50082l0g7gnd5iqzn","2026-04-04 13:19:17.621","2026-04-18 04:57:25.902","5","10","TMP-M3JYIT","shri-swami-samarth-maharaj-temple","true",,,,,,"shri-swami-samarth-maharaj-temple","slug","TEMPLE_MQ1ND","false","[{""end"":""00:00 PM"",""label"":""Morning"",""start"":""05:00 AM"",""active"":true},{""end"":""10:00 PM"",""label"":""Evening"",""start"":""00:00 PM"",""active"":true}]"
"cmno7wb6q00d2l0g7jw71ghtd","Shree Vitthal Rukmini Temple","Solapur, Maharashtra","Main Temple Road, Pandharpur – 413304 District Solapur, Maharashtra, India","Shree Vitthal Rukmini Temple in Pandharpur is one of the most sacred pilgrimage sites in Maharashtra and a प्रमुख केंद्र of devotion for Lord Vitthal, an incarnation of Lord Vishnu, along with Goddess Rukmini. The temple holds immense spiritual significance among the Warkari tradition and attracts millions of devotees throughout the year.

The temple is especially famous for the grand celebration of Ashadi Ekadashi and Kartiki Ekadashi, when lakhs of devotees (Warkaris) walk long distances in the holy Wari pilgrimage to seek blessings of Lord Vitthal. The unique tradition of devotees touching the feet of the deity makes this temple spiritually special and भक्तिपूर्ण.

Located on the banks of the sacred Chandrabhaga River, the temple offers a divine atmosphere filled with bhajans, kirtans, and spiritual energy. Daily rituals such as Kakad Aarti, Maha Naivedya, and Dhoop Aarti are performed with great devotion, creating a peaceful and भक्तिमय experience for visitors.

This temple is not just a place of worship but a symbol of faith, devotion, and cultural heritage of Maharashtra.",,"/uploads/temples/1775542056788-cropped-image.jpg",,,"[]",,"4.6","0","Panduranga","false","","9999999999","https://vitthalrukminimandir.org/","https://maps.app.goo.gl/gncHmUBs3dLzA7pS6","5000","false","cmno7wb6q00d1l0g7vwyaqscu","2026-04-07 06:07:36.866","2026-04-18 04:57:36.018","5","10","TMP-4D1VD8","shree-vitthal-rukmini-temple","true",,,,,,"shree-vitthal-rukmini-temple","slug","TEMPLE_UW04Y","false","[{""end"":""01:00 PM"",""label"":""Morning"",""start"":""04:00 AM"",""active"":true},{""end"":""11:00 PM"",""label"":""Evening"",""start"":""01:00 PM"",""active"":true}]"
"cmnofd1x700dal0g78wszfsmv","Shree Mangesh Temple Goa","Priol (Ponda), Goa, India","Dinanath Mangeshkar Road, Mangeshi Village, Mardol, Priol, Goa – 403401, India","Shree Mangesh Temple is one of the most prominent and sacred Hindu temples in Goa, dedicated to Lord Shiva in the form of Bhagavan Mangesh. Located in the peaceful village of Mangeshi near Ponda, the temple is known for its elegant Goan architecture, featuring a beautiful white façade, domed towers, and a tall दीपस्तंभ (lamp tower).

The temple holds deep cultural and spiritual significance, especially among the Goud Saraswat Brahmin community, for whom it is a Kuldeva (family deity). Surrounded by greenery and a serene atmosphere, the temple attracts thousands of devotees and tourists seeking peace, devotion, and divine blessings.",,"/uploads/temples/1775554595239-cropped-image.jpg",,,"[]",,"4.5","0","Lord Shiva","false","","9999999999","https://shrimangesh.com/","https://maps.google.com/?q=Shree+Mangesh+Temple+Goa","","false","cmnofd1x700d9l0g76z2ndxz9","2026-04-07 09:36:35.322","2026-04-18 04:57:42.271","5","10","TMP-R2CR1M","shree-mangesh-temple-goa","true",,,,,,"shree-mangesh-temple-goa","slug","TEMPLE_13CQQ","false","[{""end"":""01:00 PM"",""label"":""Morning"",""start"":""05:30 AM"",""active"":true},{""end"":""09:30PM"",""label"":""Evening"",""start"":""01:00 PM"",""active"":true}]"
"cmnofwzi500dcl0g71bv6zy0o","Shri Shantadurga Temple","Ponda, Goa","Kapileswari – Kavlem Road, Donshiwado, Ponda, Goa – 403401, India","Shri Shantadurga Temple is one of the most important and revered temples in Goa, located in the peaceful village of Kavlem in Ponda. Dedicated to Goddess Shantadurga, the deity is believed to be the divine mediator who resolved the conflict between Lord Shiva and Lord Vishnu, symbolizing harmony and balance.

The temple was originally built between 1713 and 1738 and showcases a unique blend of Indian and Portuguese architectural styles, with its red-and-white structure, domes, दीपस्तंभ (lamp tower), and serene परिसर.

Surrounded by lush greenery and a calm atmosphere, the temple attracts thousands of devotees and tourists seeking spiritual peace, blessings, and cultural experience.",,"/uploads/temples/1775555525226-cropped-image.jpg",,,"[""/uploads/temples/1775555525232-cropped-image.jpg""]",,"4.4","0","Shantadurga","false","","9834513091","http://shreeshantadurga.com","https://maps.google.com/?q=Shri+Shantadurga+Temple+Kavlem+Goa","2000","false","cmnofwzi500dbl0g7mz1zqkyo","2026-04-07 09:52:05.31","2026-04-18 04:57:09.86","5","10","TMP-TW0T2F","shri-shantadurga-temple","true",,,,,,"shri-shantadurga-temple","slug","TEMPLE_FFEQ0","false","[{""end"":""01:00 PM"",""label"":""Morning"",""start"":""06:00 AM"",""active"":true},{""end"":""08:30 PM"",""label"":""Evening"",""start"":""01:00 PM"",""active"":true}]"
"cmnog8tub00del0g7tvj7qv3y","Kadamba Shri Mahadeva Temple","Sanguem (Tambdi Surla), Goa, India","Near Bhagwan Mahaveer Wildlife Sanctuary, Tambdi Surla, Sanguem, Goa – 403406, India","Kadamba Shri Mahadeva Temple, located in the dense forests of Goa near the Western Ghats, is the oldest surviving temple in the state, dating back to the 12th century. Dedicated to Lord Shiva, this ancient temple is built in the unique Kadamba architectural style using black basalt stone, showcasing intricate carvings and remarkable craftsmanship.

Surrounded by lush greenery and the peaceful environment of the wildlife sanctuary, the temple offers a serene and spiritual atmosphere. Its remote location helped it survive historical invasions, making it a rare and well-preserved heritage monument.

The temple is especially vibrant during Mahashivratri, attracting devotees seeking blessings, peace, and divine connection with Lord Shiva.",,"/uploads/temples/1775556209824-cropped-image.jpg",,,"[""/uploads/temples/1775556209831-cropped-image.jpg""]",,"4.2","0","Lord Shiva","false","","9834513091","https://www.goa.gov.in/places/tambdi-surla-temple/","https://maps.google.com/?q=Kadamba+Shri+Mahadeva+Temple+Tambdi+Surla","","false","cmnog8tub00ddl0g7kc40excc","2026-04-07 10:01:17.843","2026-04-18 04:59:19.706","5","10","TMP-LF75B4","kadamba-shri-mahadeva-temple","true",,,,,,"kadamba-shri-mahadeva-temple","slug","TEMPLE_TGPW4","false","[{""end"":""01:00 PM"",""label"":""Morning"",""start"":""08:30 AM"",""active"":true},{""end"":""05:30 PM"",""label"":""Evening"",""start"":""01:00 PM"",""active"":true}]"
"cmnogrer100dgl0g7t5i735mm","Shri Mahalasa Narayani Temple","Ponda (Mardol), Goa, India","Mardol, Priol, Ponda, Goa – 403404, India","Mahalasa Narayani and Mahalaxmi Devi

In ancient times, due to maritime trade and transportation, many people from Goa settled in the region of Sindhudurg. Among them, the Saraswat community was prominent. Mahalasa was chosen as the village deity of one such village, and thus the village came to be known as Mhalasa (Mhalasa).

In earlier times, Hindus lived in small settlements in this village. However, due to attacks by foreign invaders, many Hindus began migrating. With time, religious persecution increased across the Hindu population. Due to this, Saraswat people from Goa started coming here for refuge. During this period, Hindus began worshipping their deities in secrecy to protect them.

During the Portuguese rule, churches were built in the villages of Goa. The temples of the Saraswats were destroyed, and the Saraswat community began migrating to nearby regions. They brought their deities along with them and safeguarded them. In this way, many ancient deities were preserved in Sindhudurg and nearby areas.

Thus, Mahalasa Devi was established in this region by the Saraswat community. Over time, the village developed, and the temple became the center of devotion for the people. Mahalasa Devi is worshipped as a powerful and protective goddess.

From ancient times, the gods created many miraculous events related to the churning of the ocean (Samudra Manthan). During this event, the nectar (Amrut) emerged. To distribute this nectar among the gods, Lord Vishnu took the form of Mohini. In this enchanting form, Mohini captivated everyone and distributed the nectar among the gods.

At that time, a demon named Rahu deceitfully sat among the gods to consume the nectar. However, Lord Vishnu recognized him and severed his head. Because he had consumed the nectar, his head remained immortal. Rahu and Ketu are believed to have originated from this event.

In this way, Lord Vishnu’s Mohini avatar is worshipped as Mahalasa Devi. She is considered a manifestation of divine feminine power and is revered as a protector and benefactor of devotees.
— Shri Vasudev, Tal. Mhal, Goa
(Information based on ancient records)

The ‘Mhamal’ clan members, adopting various surnames, have migrated not only within Goa but also to Maharashtra and some other states, and have been residing there for many years. Among the Mhamal clan, surnames such as Mhamal, Mandrekar, Manjrekar, Kankonkar, Otavankar, Otavankar Naik, Naik, Aravankar Shet, Kambli, Naik, Revankar, Konkar, Varadkar, Mungekar, Khot, Tondankar, Konadkar, Varang, and many others are found. Today, it is known with joy that the original temple of their Kuladevata (family deity) for these communities is the Shri Mahalasa Temple located at Mardol, Mhalasa (Goa).

Aarti of Shri Mahalasa Devi

Victory to the Goddess, victory to the Goddess, victory to Mahalasa Mother.
Moon-like radiant, bearer of life, O divine one. ॥

During the churning of the ocean, the nectar emerged.
For its consumption, the gods and demons gathered.
The gods became anxious at that moment.
In that time of crisis, Lord Vishnu took refuge (in you). ॥1॥ Victory to the Goddess....

Beautiful and graceful, filled with divine charm.
Her beauty enchants the minds of devotees.
Holding the pot of nectar in her hands.
Even Rahu and Ketu were captivated. ॥2॥ Victory to the Goddess....

Such a feminine form, Shri Hari became Mahalasa.
Countless gods were fascinated by her form.
Day and night, Mahalasa Mother is worshipped.
In times of distress, she grants happiness and peace. ॥3॥ Victory to the Goddess....",,"/uploads/temples/1775556944677-cropped-image.jpg",,,"[""/uploads/temples/1776497084630-cropped-image.jpg"",""/uploads/temples/1776497084642-cropped-image.jpg"",""/uploads/temples/1776497114037-cropped-image.jpg""]",,"4.5","0","Mahalasa Narayani","false","","0832234342","https://www.goa.gov.in/places/mahalsa-temple/","https://maps.app.goo.gl/r5RaaiEHrFDRqn1m6","","false","cmnogrer000dfl0g70cg3ph5v","2026-04-07 10:15:44.749","2026-04-20 08:57:36.642","5","10","TMP-AZWMWW","shri-mahalasa-narayani-temple","true",,,,,,"shri-mahalasa-narayani-temple","slug","TEMPLE_YRQP6","false","[{""end"":""01:00 PM"",""label"":""Morning"",""start"":""06:00 AM"",""active"":true},{""end"":""09:00 PM"",""label"":""Evening"",""start"":""01:00 PM"",""active"":true}]"
"cmnohvdry00dil0g7yx01ddqk","Shri Nageshi Temple","Ponda (Bandode/Bandivade), Goa, India","Bandiwade, Donshiwado, Bandora, Ponda, Goa – 403401, India","Shri Nageshi Temple is one of the oldest and most sacred temples in Goa, located in the serene village of Bandora near Ponda. Dedicated to Lord Shiva in the form of Nagesh, the temple is believed to house a Swayambhu (self-manifested) Shivling, making it highly revered among devotees.

The temple dates back to around the 14th century and has historical significance linked to the Vijayanagara Empire. Unlike many temples in Goa, it remained at its original location and was preserved through centuries.

The temple complex features a beautiful दीपस्तंभ (lamp tower), a sacred water tank, and intricate wooden carvings depicting scenes from the Ramayana and Mahabharata. The peaceful surroundings and spiritual ambiance attract devotees and tourists seeking divine blessings and tranquility.",,"/uploads/temples/1775558809650-cropped-image.jpg",,,"[]",,"4.2","0","Lord Shiva","false","","9999999999","http://www.shreenagesh.org","https://maps.google.com/?q=Shri+Nageshi+Temple+Goa","","false","cmnohvdry00dhl0g7djvp1ucw","2026-04-07 10:46:49.726","2026-04-18 04:56:45.782","5","10","TMP-52V50D","shri-nageshi-temple","true",,,,,,"shri-nageshi-temple","slug","TEMPLE_ZLZ77","false","[{""end"":""01:00 PM"",""label"":""Morning"",""start"":""06:00 AM"",""active"":true},{""end"":""08:30  ABcdPM"",""label"":""Evening"",""start"":""fdfdff:00 PM"",""active"":true}]"
"cmnoicuiy00dkl0g7nomc194y","Shri Ramnath Devasthan","Ponda (Bandora / Ramnathim), Goa, India","Ramnathim, Ponda, Bandiwada, Goa 403401","Shri Ramnath Devasthan is one of the most revered temples in Goa, located in the peaceful village of Bandora near Ponda. The temple is dedicated to Lord Ramnath, a divine form symbolizing the unity of Lord Vishnu (Hari) and Lord Shiva (Hara), making it spiritually significant for devotees.

The temple has deep historical roots and is closely associated with the legend of Lord Rama, who is believed to have installed a Shivling to seek redemption after the battle with Ravana.

Originally located in Loutolim, the deity was moved to Bandora during the Portuguese period for protection. The temple follows the Panchayatan tradition and houses other deities such as Shanteri, Kamakshi, Laxmi Narayan, and Ganapati.

With its beautiful architecture, peaceful surroundings, and vibrant festivals like Mahashivratri and Jatra, the temple attracts thousands of devotees seeking blessings, spiritual peace, and cultural experience.",,"/uploads/temples/1775559624513-cropped-image.jpg",,,"[]",,"4.5","0","Lord Ramnath","false","","1212121212","http://www.ramnathi.org","https://maps.google.com/?q=Shri+Ramnath+Devasthan+Goa","","false","cmnoicuix00djl0g7q947wq2i","2026-04-07 11:00:24.586","2026-04-18 04:57:06.012","5","10","TMP-B62W8Z","shri-ramnath-devasthan","true",,,,,,"shri-ramnath-devasthan","slug","TEMPLE_13Y1Q","false","[{""end"":""01:00 PM"",""label"":""Morning"",""start"":""06:00 AM"",""active"":true},{""end"":""09:00 PM"",""label"":""Evening"",""start"":""01:00 PM"",""active"":true}]"
"cmnoioa2u00dml0g7io94qluo","Shri Saptakoteshwar Temple","Narva (Bicholim), North Goa, Goa, India","Deulwada, Narve, Bicholim, Goa – 403504, India","Shri Saptakoteshwar Temple is one of the most ancient and revered Shiva temples in Goa, located in the serene village of Narva. It dates back to the Kadamba dynasty and was once the royal deity of the Kadamba kings, making it historically significant in the Konkan region.

The temple has witnessed multiple destructions and restorations over centuries, and was finally rebuilt under the orders of Chhatrapati Shivaji Maharaj in the 17th century.

Surrounded by lush greenery and peaceful surroundings, the temple showcases a blend of traditional Hindu and Indo-Portuguese architectural styles, featuring a दीपस्तंभ (lamp tower), mandap, and sacred tank (Panchaganga Tirtha).

It is considered one of the six important Shiva temples in the Konkan region and attracts devotees seeking spiritual peace, blessings, and historical connection.",,"/uploads/temples/1775560157886-cropped-image.jpg",,,"[]",,"4.5","0","Lord Shiva","false","","1212121212","https://srisaptakotishwar.org","https://maps.google.com/?q=Shree+Saptakoteshwar+Temple+Narva","","false","cmnoioa2t00dll0g7k3ha5dhw","2026-04-07 11:09:17.958","2026-04-18 04:57:49.378","5","10","TMP-39C2ZJ","shri-saptakoteshwar-temple","true",,,,,,"shri-saptakoteshwar-temple","slug","TEMPLE_TEZSW","false","[{""end"":""01:00 PM"",""label"":""Morning"",""start"":""07:00 AM"",""active"":true},{""end"":""07:00 PM"",""label"":""Evening"",""start"":""01:00 PM"",""active"":true}]"
"cmnojqafu00dol0g7z443yixr","Shri Mahalaxmi Temple, Panaji","Panaji, Goa","Dr Dada Vaidya Rd, next to Mushtifund, Situated, Saunthan, Panaji, Goa 403001, India","Shri Mahalaxmi Temple is one of the most important and sacred temples in Goa, located in the heart of Panaji city. Dedicated to Goddess Mahalaxmi, the temple is considered the presiding deity of Panaji and attracts devotees from all communities.

Built in 1818, it holds historical significance as one of the first Hindu temples allowed to be constructed in Goa during Portuguese rule. The temple has a rich past, where the deity was carefully moved across locations to protect it from destruction before finally being स्थापित in Panaji.

The temple showcases traditional Goan architecture with a peaceful ambiance, intricate interiors, and a beautifully adorned idol of the goddess. Major festivals like Navratri and Maruti Jatra are celebrated with great devotion, attracting thousands of visitors every year.",,"/uploads/temples/1775561931292-cropped-image.jpg",,,"[]",,"4.5","0","Mahalaxmi","false","","1234512345","http://mahalaxmipanaji.in","https://maps.google.com/?q=Shree+Mahalaxmi+Temple+Panaji","","false","cmnojqafu00dnl0g7cy2zaw9i","2026-04-07 11:38:51.354","2026-04-18 04:56:50.771","5","10","TMP-N2EYIO","shri-mahalaxmi-temple-panaji","true",,,,,,"shri-mahalaxmi-temple-panaji","slug","TEMPLE_PI7XX","false","[{""end"":""01:00 PM"",""label"":""Morning"",""start"":""06:00 AM"",""active"":true},{""end"":""09:00 PM"",""label"":""Evening"",""start"":""01:00 PM"",""active"":true}]"
"cmnojzkfb00dql0g7zlsi5s93","Shri Maruti Temple, Panaji","Panaji (Panjim), Goa,","Altinho Hill, Mala, Panaji, Goa – 403001, India","Shri Maruti Temple is a well-known and vibrant temple located on Altinho Hill in Panaji, offering a scenic view of the city. Dedicated to Lord Hanuman, the temple is easily recognizable by its bright orange-colored idol and striking architecture.

The temple holds great spiritual importance among locals and is especially crowded on Tuesdays and Saturdays, which are considered auspicious for Lord Hanuman. Devotees visit to seek strength, courage, and protection from negative energies.

Its elevated location and peaceful surroundings make it not only a place of worship but also a popular spot for visitors looking to experience both devotion and panoramic views of Panaji.",,"/uploads/temples/1775562407837-cropped-image.jpg",,,"[]",,"4.5","0","Hanuman","false","","1212121212","https://marutitemple.in","https://maps.google.com/?q=Maruti+Temple+Panaji+Goa","","false","cmnojzkfb00dpl0g7oeon36x9","2026-04-07 11:46:04.199","2026-04-18 04:58:01.377","5","10","TMP-RRRYRN","shri-maruti-temple-panaji","true",,,,,,"shri-maruti-temple-panaji","slug","TEMPLE_CCL2O","false","[{""end"":""01:00 PM"",""label"":""Morning"",""start"":""07:00 AM"",""active"":true},{""end"":""08:30 PM"",""label"":""Evening"",""start"":""01:00 PM"",""active"":true}]"
"cmnokd29u00dsl0g7x1lbzkd2","Shree Somnath Temple","Veraval, Gujarat","Prabhas Patan, Somnath, Gir Somnath District, Gujarat – 362268, India","Shree Somnath Temple is one of the most sacred and ancient temples of Lord Shiva, located on the western coast of Gujarat near the Arabian Sea. It is the first among the twelve Jyotirlingas, making it a highly significant pilgrimage site for Hindus.

The temple has a rich history of destruction and reconstruction, symbolizing resilience and faith. It is believed to have been rebuilt several times, with the current structure completed in 1951 under the guidance of Sardar Vallabhbhai Patel.

Built in the Chalukya style of architecture, the temple stands majestically by the sea, offering a spiritually uplifting atmosphere. The continuous sound of waves and the divine ambiance make it a powerful place for devotion and inner peace.

Thousands of devotees visit daily to seek blessings, especially during festivals like Mahashivratri and Kartik Purnima.",,"/uploads/temples/1775563107057-cropped-image.jpg","https://www.youtube.com/watch?v=vWPHRNjVeQo","","[""/uploads/temples/1775563107066-cropped-image.jpg""]",,"4.5","0","Lord Shiva","true","","1212121212","https://somnath.org","https://maps.google.com/?q=Somnath+Temple+Gujarat","","true","cmnokd29u00drl0g7w4xedhix","2026-04-07 11:56:33.859","2026-04-18 04:57:55.901","5","10","TMP-ALPB46","shree-somnath-temple","false",,,,,,"shree-somnath-temple","slug","TEMPLE_9BKVL","false","[{""end"":""01:00 PM"",""label"":""Morning"",""start"":""06:00 AM"",""active"":true},{""end"":""10:00 PM"",""label"":""Evening"",""start"":""01:00 PM"",""active"":true}]"
"cmnol7d1000dul0g7enfqfqqi","Shri Brahmadev Ji Temple","Brahma Karmali (near Valpoi), Goa","Brahma-Karmali, Nagargao Village, Sattari Taluka, North Goa – 403506, India","Shri Brahmadev Ji Temple is one of the rare temples in India dedicated to Lord Brahma, the creator in the Hindu Trinity. Located in the quiet village of Brahma-Karmali in Sattari, Goa, the temple holds immense historical and spiritual importance.

The temple houses a unique 12th-century idol carved from black basalt stone during the Kadamba period. The idol depicts Lord Brahma with a beard in Trimurti form, symbolizing Brahma, Vishnu, and Mahesh.

Surrounded by dense greenery and serene natural surroundings, the temple offers a peaceful spiritual experience. It is believed that the idol was moved here centuries ago to protect it during invasions, adding to its historical significance.

This temple is considered one of the very few Brahma temples in India, making it a unique pilgrimage destination for devotees and history enthusiasts alike.",,"/uploads/temples/1775564407400-cropped-image.jpg",,,"[""/uploads/temples/1775564407405-cropped-image.jpg""]",,"4.5","0","Lord Brahma","false","","1234512345","https://bramhadev.in","https://maps.google.com/?q=Brahma+Karmali+Temple+Goa","","false","cmnol7d1000dtl0g7i6acdym8","2026-04-07 12:20:07.476","2026-04-18 04:57:01.463","5","10","TMP-XY29BF","shri-brahmadev-ji-temple","true",,,,,,"shri-brahmadev-ji-temple","slug","TEMPLE_T7ZY8","false","[{""end"":""01:00 PM"",""label"":""Morning"",""start"":""07:00 AM"",""active"":true},{""end"":""09:00 PM"",""label"":""Evening"",""start"":""01:00 PM"",""active"":true}]"
"cmnolt6wt00dwl0g7v3lpii0x","Shree Kamakshi Temple","Shiroda, Goa","Thal, Shiroda, Ponda Taluka, South Goa – 403103, India","Shri Kamakshi Temple is one of the most important and revered temples in Goa, located amidst the scenic hills of Shiroda village. The temple was built in the late 16th century and is dedicated to Goddess Kamakshi, a powerful form of Shakti symbolizing strength, compassion, and protection.

Originally, the deity was worshipped in Raia, but during the Portuguese period, the idol was safely moved to Shiroda to preserve it from destruction. The temple features traditional Goan architecture with a grand Mahadwar (entrance gate), a tall दीपस्तंभ (lamp tower), and a serene temple tank.

The temple complex also houses other deities like Shantadurga, Lakshmi Narayan, and Rayeshwar, making it a spiritually rich destination. Major festivals like Navratri, Jatra, and Amavasya palanquin processions attract thousands of devotees seeking blessings and peace.",,"/uploads/temples/1775565425903-cropped-image.jpg",,,"[""/uploads/temples/1775565425908-cropped-image.jpg""]",,"4.5","0","Kamakshi","false","","1212121212","https://shreekamakshisaunsthan.org","https://maps.google.com/?q=Shri+Kamakshi+Temple+Shiroda+Goa","","false","cmnolt6wt00dvl0g7ezknpzh5","2026-04-07 12:37:05.982","2026-04-18 04:56:27.471","5","10","TMP-5I44EQ","shree-kamakshi-temple","true",,,,,,"shree-kamakshi-temple","slug","TEMPLE_RDP29","false","[{""end"":""01:00 PM"",""label"":""Morning"",""start"":""05:30 AM"",""active"":true},{""end"":""09:00 PM"",""label"":""Evening"",""start"":""01:00 PM"",""active"":true}]"
"cmnpn60ht00hhl0g73xvmcxbm","Shri Chandreshwar Bhootnath Temple","Quepem (Paroda), Goa","Chandranath Hill, Paroda Village, Quepem Taluka, South Goa – 403705, India","Shri Chandreshwar Bhootnath Temple is one of the oldest and most historically significant temples in Goa, located atop the scenic Chandranath Hill in South Goa. The temple is dedicated to Lord Shiva in the form of Chandreshwar, meaning “Lord of the Moon,” along with Bhootnath, another powerful form of Shiva.

The temple is believed to be over 2000 years old and is associated with the Bhoja dynasty, who once ruled this region and considered Lord Chandreshwar their patron deity.

A unique feature of the temple is its sacred Shivling, which is positioned in such a way that moonlight falls directly on it during full moon nights. It is believed that water droplets appear on the Shivling when touched by moon rays, adding to its mystical significance.

Surrounded by dense greenery and offering panoramic views from the hilltop, the temple provides a peaceful and spiritual atmosphere. Major festivals like Mahashivratri, Hanuman Jayanti, and Dussehra are celebrated with great devotion, attracting many devotees.",,"/uploads/temples/1775628169919-cropped-image.jpg",,,"[]",,"4.5","0","Lord Shiva","false","","1212121212","https://Chandreshwarbhootnath.in","https://maps.google.com/?q=Shri+Chandreshwar+Bhootnath+Temple+Goa","","false","cmnpn60ht00hgl0g713x7o3fv","2026-04-08 06:02:49.985","2026-04-15 12:20:58.134","5","10","TMP-0U5RCC","chandreshwar-","true",,,,,,"chandreshwar-","slug","TEMPLE_NH5K6","false","[{""end"":""01:00 PM"",""label"":""Morning"",""start"":""08:00 AM"",""active"":true},{""end"":""08:00 PM"",""label"":""Evening"",""start"":""01:00 PM"",""active"":true}]"
"cmnpooefm00ipl0g7l6fqi6ky","Shri Vijayadurga Temple","Keri, Ponda, Goa","Keri, Betki, Ponda, Goa – 403404, India","Shri Vijayadurga Temple is a sacred and historically significant temple located in the serene village of Keri in Ponda, Goa. Dedicated to Goddess Vijayadurga, a powerful form of Durga, the temple is deeply revered as a Kuldevi by many Goan families.

The temple dates back to around 1560 and was relocated from Sancoale during the Portuguese period to protect the deity. It showcases beautiful traditional Goan temple architecture, including a grand mandap, deepastambha (lamp tower), and intricate Kaavi art on the walls.

Surrounded by lush greenery and peaceful natural surroundings, the temple offers a calm and spiritual atmosphere. Festivals like Navratri and Jatra are celebrated with great devotion, attracting devotees from across Goa and beyond.",,"/uploads/temples/1775630707388-cropped-image.jpg",,,"[""/uploads/temples/1775630707398-cropped-image.jpg""]",,"4.3","0","Vijayadurga","false","","9172077899","http://www.shrivijayadurga.org","https://maps.google.com/?q=Shri+Vijayadurga+Temple+Keri+Goa","2000","false","cmnpooefm00iol0g74rxc5ov5","2026-04-08 06:45:07.474","2026-04-15 12:20:58.134","5","10","TMP-2S3VJA","vijydurga-temple","true",,,,,,"vijydurga-temple","slug","TEMPLE_BXSD4","false","[{""end"":""01:00 PM"",""label"":""Morning"",""start"":""06:30 AM"",""active"":true},{""end"":""08:30 PM"",""label"":""Evening"",""start"":""01:00 PM"",""active"":true}]"
"cmnpp2v7j00irl0g724fkndrd","Shri Navadurga Temple","Madkai, Ponda, Goa","Madkai, Ponda Taluka, Goa – 403404, India","Shree Navadurga Temple is a highly revered and ancient temple located in the peaceful village of Madkai in Ponda, Goa. Dedicated to Goddess Navadurga, a fierce form of Durga known as Mahishasuramardini, the temple holds deep spiritual significance among devotees.

The temple is believed to be over 500 years old and was originally established in Ganvshi before being relocated to Madkai during the Portuguese era for protection.

The idol of the goddess stands in a unique posture with a slightly tilted neck, adding to its distinct identity. The temple complex also houses other deities like Ganesh, Betal, and Narayan, making it a spiritually rich destination.

Surrounded by greenery and a calm atmosphere, the temple attracts devotees throughout the year. Festivals like Navratri and the annual Jatra are celebrated with great devotion, drawing large gatherings of devotees.",,"/uploads/temples/1775631382323-cropped-image.jpg",,,"[]",,"4.2","0","Navadurga","false","","1212121212","","https://maps.google.com/?q=Shree+Navadurga+Temple+Madkai+Goa","","false","cmnpp2v7j00iql0g7xn730urm","2026-04-08 06:56:22.399","2026-04-15 12:20:58.134","5","10","TMP-75Q8TL","navadurga-temple","true",,,,,,"navadurga-temple","slug","TEMPLE_SVB84","false","[{""end"":""01:00 PM"",""label"":""Morning"",""start"":""07:00 AM"",""active"":true},{""end"":""10:00 PM"",""label"":""Evening"",""start"":""05:00 PM"",""active"":true}]"
"cmnppy07c00j0l0g7rr8ahf9t","Shri Rudreshwar Temple","Sanquelim (Bicholim Taluka), Goa","Rudreshwar Colony, Harvale, Sanquelim, Bicholim Taluka, North Goa, Goa – 403505, India","Shree Rudreshwar Devalay is a famous Hindu temple dedicated to Lord Shiva, located in the scenic village of Harvale in North Goa. The temple is built on an ancient sacred site and holds deep religious importance among devotees. It is especially known for its peaceful environment and natural beauty, as it is situated right beside the famous Arvalem (Harvalem) Waterfalls.

The idol of Lord Rudreshwar is uniquely positioned facing the waterfall, creating a divine and serene atmosphere for visitors. The temple is considered spiritually significant for performing rituals related to ancestors and last rites, making it an important pilgrimage site.

Devotees visit throughout the year, but the temple becomes highly crowded during the festival of Mahashivratri, which is celebrated with great devotion and उत्साह.

The surroundings of the temple include lush greenery, flowing river streams, and nearby ancient caves, enhancing its spiritual charm. Many visitors come not only for darshan but also to experience calmness and natural beauty together.

The temple is easily accessible and is a popular spot for both pilgrims and tourists. Its combination of religious importance and scenic location makes it one of the most peaceful and beautiful temples in Goa.",,"/uploads/temples/1775632835129-cropped-image.jpg",,,"[""/uploads/temples/1775632835134-cropped-image.jpg""]",,"4.5","0","Lord Shiva","false","","1212121212","https://rudreshwara.in","https://maps.google.com/?q=15.550383,74.0260349","","false","cmnppy07c00izl0g76xrrxsma","2026-04-08 07:20:35.209","2026-04-15 12:20:58.134","5","10","TMP-TEY8J9","rudreshwar","true",,,,,,"rudreshwar","slug","TEMPLE_RD0RL","false","[{""end"":""01:00 PM"",""label"":""Morning"",""start"":""06:00 AM"",""active"":true},{""end"":""09:00 PM"",""label"":""Evening"",""start"":""01:00 PM"",""active"":true}]"
"cmnpq8syn00j2l0g70qr1igf0","Shree Laxmi Narasimha","Veling (Ponda Taluka), Goa","Veling, Ponda Taluka, North Goa, Goa – 403404, India","Shree Laxmi Narasimha Temple is a historic Hindu temple located in the peaceful village of Veling in Goa’s Ponda region. The temple is dedicated to Lord Narasimha, the fourth incarnation of Lord Vishnu, along with Goddess Laxmi. It is believed that the original idol was shifted here from Salcete during the Portuguese period in the 16th century to protect it from destruction.

The present structure dates back to the 18th century and reflects traditional Goan temple architecture with sloping roofs and a serene courtyard. Inside the temple, visitors can see beautiful carvings and images depicting various avatars of Lord Vishnu, adding spiritual and artistic value to the site.

One of the main highlights of the temple is its sacred water tank surrounded by coconut trees, which enhances the peaceful and natural atmosphere. The temple is known for its calm surroundings, making it an ideal place for meditation and devotion.

Important festivals such as Ram Navami, Navratri, and the annual Jatra are celebrated here with great devotion and traditional rituals. The temple also hosts regular palkhi (palanquin) processions, attracting devotees from nearby regions.

The temple holds deep cultural and religious significance for the local community and remains a well-preserved symbol of Goa’s spiritual heritage. Its quiet and divine environment offers a unique experience compared to more crowded tourist temples.",,"/uploads/temples/1775633338967-cropped-image.jpg",,,"[]",,"4.5","0","Narasimha","false","","2121212121","https://laxminarsimha.in","https://maps.google.com/?q=15.4330694,73.9726116","","false","cmnpq8syn00j1l0g76cbmzgww","2026-04-08 07:28:59.039","2026-04-15 12:20:58.134","5","10","TMP-YHT15W","laxmi-narasimha","true",,,,,,"laxmi-narasimha","slug","TEMPLE_U5H8G","false","[{""end"":""01:00 PM"",""label"":""Morning"",""start"":""06:00 AM"",""active"":true},{""end"":""08:00 PM"",""label"":""Evening"",""start"":""01:00 PM"",""active"":true}]"
"cmnpu3wtv00l2l0g7ublefcz6","Shree Mallikarjun Devasthan, Canacona","Canacona (South Goa), Goa","near mallikarjun temple, Shristhal, Canacona, Mallikarjun, Goa 403702, India","Shree Mallikarjun Temple is one of the oldest and most revered Hindu temples located in the village of Shristhal in Canacona, South Goa. The temple is dedicated to Lord Mallikarjun, a form of Lord Shiva, and holds immense spiritual importance among devotees. It is believed that the temple was originally built in the 16th century by the ancestors of the Kshatriya Samaj and later renovated in 1778.

The temple is situated in a beautiful valley surrounded by lush greenery and hills, creating a peaceful and divine atmosphere for worship. The architecture of the temple is unique, featuring intricately carved wooden pillars depicting scenes from the Puranas and Mahabharata.

According to legend, this sacred place marks the reunion of Lord Shiva and Goddess Parvati after a long separation, making it spiritually significant for devotees.

The temple is also famous for its vibrant festivals such as the annual Jatra, Shigmo, and Veeramel, where traditional rituals and grand processions are held. During the Jatra, the deity is taken in a procession to the nearby beach for ritual bathing, attracting a large number of devotees.

Surrounded by nature and away from crowded tourist areas, the temple offers a calm and भक्तिमय environment. It is not only a place of worship but also a symbol of Goa’s rich cultural and religious heritage. Devotees visit throughout the year to seek blessings and experience spiritual peace.",,"/uploads/temples/1775639829173-cropped-image.jpg",,,"[""/uploads/temples/1775639829176-cropped-image.jpg""]",,"4.5","0","Lord Mallikarjun","false","","1212121212","https://www.goa.gov.in/places/mallikarjun-temple/","https://maps.google.com/?q=15.0227158,74.0763636","","false","cmnpu3wtv00l1l0g7cdj5dijz","2026-04-08 09:17:09.236","2026-04-15 12:20:58.134","5","10","TMP-ZTJZ84","malikarjun","true",,,,,,"malikarjun","slug","TEMPLE_7KT0E","false","[{""end"":""01:00 PM"",""label"":""Morning"",""start"":""06:00 AM"",""active"":true},{""end"":""08:00 PM"",""label"":""Evening"",""start"":""01:00 PM"",""active"":true}]"
"cmnpv2cfx00l6l0g7xy4uzr6x","Shree Purvas Betal Mandir","Amona (Bicholim Taluka), Goa","Shree Betal Temple, Amona Village, Bicholim Taluka, North Goa, Goa – 403505, India","Shree Purvas Betal Mandir is a well-known and ancient Hindu temple located in the peaceful village of Amona in North Goa. The temple is dedicated to Purvas Betal, a fierce warrior deity worshipped as a form of Lord Shiva in his Bhairava aspect.

The deity Betal is considered the Gram Devata (village deity) of Amona and holds great importance among local communities. The idol of Betal is unique, usually depicted in a standing posture symbolizing strength, courage, and protection.

Historically, the temple is believed to be centuries old and has undergone several renovations over time through traditional “jeernoddhar” (restoration). The present structure was supported by local devotees, including contributions from notable patrons.

Betal is revered as a guardian deity and is associated with valor and justice. Many devotees strongly believe that prayers offered here help in protection from negative energies and fulfillment of wishes.

The temple becomes lively during annual festivals and jatra, where the deity is taken in a grand procession, sometimes shown mounted on a horse, reflecting his warrior nature.

Surrounded by natural greenery and a calm village environment, the temple provides a spiritually powerful and peaceful experience for visitors. It continues to be a central place of worship and cultural heritage for many communities across Goa and beyond.",,"/uploads/temples/1775641435717-cropped-image.jpg",,,"[]",,"4.4","0","Purvas Betal","false","","1212121212","https://betaldevstan.in","https://maps.app.goo.gl/thsECBGVnLbpmvZh9","","false","cmnpv2cfx00l5l0g71shoamh4","2026-04-08 09:43:55.773","2026-04-15 12:20:58.134","5","10","TMP-50SQGP","betal-devstan","true",,,,,,"betal-devstan","slug","TEMPLE_MZQSC","false","[{""end"":""01:00 PM"",""label"":""Morning"",""start"":""05:00 AM"",""active"":true},{""end"":""08:00 PM"",""label"":""Evening"",""start"":""01:00 PM"",""active"":true}]"
"cmnpvez6800l8l0g7k5f8adi6","Shree Devi Lairaee Devasthan Temple","Shirgao (Bicholim Taluka), Goa","Shirgao Road, Assonora, Shirgao, Bicholim Taluka, North Goa, Goa – 403503, India","Shree Devi Lairaee Devasthan Temple is a highly revered Hindu temple located in the village of Shirgao in North Goa. The temple is dedicated to Goddess Lairaee, who is considered an incarnation of Goddess Parvati and is one of the famous “Seven Sister” deities of Goa.

The temple holds deep spiritual significance among devotees from Goa, Maharashtra, and Karnataka, and is especially important for the Goud Saraswat Brahmin community. The deity is uniquely worshipped in the form of a sacred Kalash (pot), symbolizing the divine cosmic energy (Adishakti).

The architecture of the temple reflects a blend of North Indian (Nagara) and South Indian (Dravidian) styles, making it visually distinctive and culturally rich.

One of the most famous aspects of this temple is the annual Shirgao Jatra, held in early May, which attracts thousands of devotees. The highlight of this festival is the Agnidivya ritual, where devotees walk barefoot on burning embers as an act of faith and devotion.

The temple is surrounded by a peaceful environment and traditional Goan village setting, offering a calm and spiritual experience to visitors. It is not only a place of worship but also a symbol of Goa’s unique religious traditions and communal harmony.

Devotees visit throughout the year to seek blessings, but the temple becomes especially vibrant during festivals, reflecting strong cultural heritage and devotion.",,"/uploads/temples/1775642025023-cropped-image.jpg",,,"[""/uploads/temples/1775642025026-cropped-image.jpg""]",,"4.3","0","Goddess Lairaee","false","","1212112121","https://www.goa.gov.in/places/the-lairai-mandir/","https://maps.google.com/?q=15.604391,73.899665","","false","cmnpvez6800l7l0g7n4vnnejl","2026-04-08 09:53:45.104","2026-04-15 12:20:58.134","5","10","TMP-3L4KGV","devi-lairaee","true",,,,,,"devi-lairaee","slug","TEMPLE_BIOZY","false","[{""end"":""01:00 PM"",""label"":""Morning"",""start"":""08:00 AM"",""active"":true},{""end"":""08:00 PM"",""label"":""Evening"",""start"":""01:00 PM"",""active"":true}]"
"cmnpw1rto00lal0g7cg9b4xtz","Shri Dev Bodgeshwar Sansthan","Mapusa, Goa","Mapusa Road, Mapusa, Bardez, North Goa, Goa – 403507, India","Shri Dev Bodgeshwar Sansthan is one of the most famous and spiritually significant temples located in Mapusa, North Goa. The temple is dedicated to Lord Bodgeshwar, also known as Kanakeshwar Baba, who is deeply revered by locals as the guardian deity (Rakhandar) of Mapusa.

The temple is situated amidst lush greenery and open surroundings, creating a peaceful and divine atmosphere for devotees. It is believed that Lord Bodgeshwar fulfills the wishes of devotees, and people offer prayers and vows (mannat) with strong faith.

The temple complex is spacious, well-maintained, and includes facilities for rituals and community events. A large banyan tree and deepastambha (lamp tower) are notable features within the premises, adding to its traditional charm.

One of the major highlights of the temple is the annual “Zatra” (jatra festival), held during December or January, which attracts thousands of devotees and tourists. This festival is celebrated with great devotion, fairs, and cultural activities.

The temple holds a special place in the hearts of local residents, who strongly believe that Lord Bodgeshwar protects the town and its people.

Its calm surroundings, spiritual importance, and strong cultural connection make it a must-visit religious place in Goa. Devotees visit throughout the year to seek blessings, peace, and fulfillment of their wishes.",,"/uploads/temples/1775643088589-cropped-image.jpg",,,"[]",,"4.2","0"," Lord Bageshwar","false","","1212121212","https://bageshwar.in","https://maps.app.goo.gl/rBSAN67wcC1z3Q6XA","","false","cmnpw1rto00l9l0g7ye5lpoeb","2026-04-08 10:11:28.668","2026-04-15 12:20:58.134","5","10","TMP-JJSTIN","bageshwar-temple","true",,,,,,"bageshwar-temple","slug","TEMPLE_W0L2M","false","[{""end"":""01:00 PM"",""label"":""Morning"",""start"":""07:30 AM"",""active"":true},{""end"":""09:30 PM"",""label"":""Evening"",""start"":""01:00 PM"",""active"":true}]"
"cmnpwmaoc00lcl0g77zeemtuh","Shree Gopinath Devasthan","Netravali (Sanguem Taluka), Goa","Near Budbud Tali, Taliwada, Neturlim, Netravali, Sanguem Taluka, South Goa, Goa – 403704, India","Shree Gopinath Devasthan is a peaceful and spiritually significant temple located in the scenic village of Netravali (Neturlim) in South Goa. The temple is dedicated to Lord Gopinath, a divine form of Lord Krishna, worshipped with deep devotion by local communities.

One of the most unique and fascinating features of this temple is the nearby natural phenomenon known as “Budbudyanchi Tali” (bubble lake). Devotees believe that when one claps or makes a sound near the water, bubbles start appearing on the surface, which is considered sacred and mysterious.

The temple is surrounded by dense greenery, hills, and a calm environment, making it an ideal place for meditation and spiritual peace. Its natural setting adds to the divine experience, attracting both devotees and nature lovers.

Historically, the temple holds importance among local devotees and is considered a sacred site for offering prayers and seeking blessings. The simple yet traditional Goan temple architecture reflects cultural heritage and devotion.

Festivals and religious rituals are celebrated here with great श्रद्धा, bringing together devotees from nearby villages. The temple remains less crowded compared to other popular temples, offering a शांत and divine atmosphere.

Visitors often combine their temple visit with exploration of nearby natural attractions, making it a spiritually enriching and refreshing experience.",,"/uploads/temples/1775644046145-cropped-image.jpg",,,"[]",,"4.5","0","Lord Gopinath","false","","1212121212","https://gopinathdevsthan.org","https://maps.app.goo.gl/yjS9U3mC4tkbXwZv5","","false","cmnpwmaoc00lbl0g7wkssrwu7","2026-04-08 10:27:26.22","2026-04-15 12:20:58.134","5","10","TMP-WXTK1T","gopinath-devsthan","true",,,,,,"gopinath-devsthan","slug","TEMPLE_B92K6","false","[{""end"":""01:00 PM"",""label"":""Morning"",""start"":""08:00 AM"",""active"":true},{""end"":""06:00 PM"",""label"":""Evening"",""start"":""01:00 PM"",""active"":true}]"
"cmnpwrin300lel0g7g517a5ks","Shree Morjai Temple","Morjim (Pernem Taluka), Goa","Morjim, Goa 403512, India","Shree Morjai Temple is an ancient and culturally significant Hindu temple located in the serene village of Morjim in North Goa. The temple is dedicated to Goddess Morjai, who is believed to be one of the seven divine sisters who settled in different parts of Goa along with their brother Khetoba.

The temple is surrounded by natural beauty, including coconut groves and peaceful village landscapes, creating a calm and spiritual atmosphere for devotees. It is known for its unique Goan architectural style and traditional design elements.

One of the most striking features of the temple is the rare and traditional “Kaavi art” seen on its walls, showcasing intricate geometric and floral patterns. These artworks reflect the rich cultural heritage of Goa and are carefully preserved.

The temple structure includes a beautifully designed Mukhmandap and Sabhamandap, with parts of the temple dating back to the early 20th century.

A major highlight of the temple is the famous “Kalas Utsav,” a grand festival celebrated once every few years, attracting devotees from across Goa and nearby regions.

Other festivals like Dussehra, Gudi Padwa, and annual Zatra are also celebrated with devotion and enthusiasm.

The temple holds strong spiritual importance among locals, and many devotees consider Goddess Morjai as their Kuldevi (family deity).

Its peaceful surroundings and religious significance make it a must-visit place for both devotees and travelers seeking spiritual calmness.",,"/uploads/temples/1775644345498-cropped-image.jpg",,,"[]",,"4.5","0","Goddess Morjai","false","","1212111212","","https://maps.app.goo.gl/5ywnGFZPf2wEonre9","","false","cmnpwrin300ldl0g7f0rto1ci","2026-04-08 10:31:29.823","2026-04-16 12:04:15.547","5","10","TMP-00PMDV","morjim-goa","true",,,,,,"morjim-goa","slug","TEMPLE_YHFSD","false","[{""end"":""01:00 PM"",""label"":""Morning"",""start"":""06:00 AM"",""active"":true},{""end"":""08:00 PM"",""label"":""Evening"",""start"":""01:00 PM"",""active"":true}]"
"cmnpy89iz00lml0g7w0zxcpk4","Shri Mulveer Devasthan","Pernem (North Goa), Goa","Shri Mulveer Devasthan, Malpe Village, Pernem Taluka, North Goa, Goa – 403512, India","Shri Mulveer Devasthan is an ancient and spiritually significant temple located in the peaceful village of Malpe in Pernem Taluka of North Goa. The temple is dedicated to Lord Shiva, worshipped here as Mulveer or Mahadev, and holds deep religious importance among local devotees.

The temple is believed to date back to the 12th century and is associated with the Kadamba dynasty, making it one of the historically important temples in the region.

Surrounded by natural beauty, the temple is known for its serene environment, dense greenery, and flowing natural spring water nearby, which adds to its divine atmosphere.

A unique attraction of this temple is the presence of a natural water source that flows throughout the year, and many devotees consider it sacred and pure.

The temple is easily accessible as it is located close to the highway, yet it maintains a शांत and spiritual ambiance away from city noise.

Festivals like Mahashivratri are celebrated here with great devotion, attracting a large number of devotees from nearby villages and regions.

The temple plays an important role in the religious and cultural life of Pernem and is often visited by devotees seeking peace, blessings, and spiritual strength.

Its combination of ancient heritage, natural surroundings, and religious importance makes it a must-visit temple in North Goa.",,"/uploads/temples/1775646750705-cropped-image.jpg",,,"[""/uploads/temples/1775646750707-cropped-image.jpg""]",,"4.5","0","Lord Shiva","false","","1212121212","https://mulveerdevsthan.org","https://maps.app.goo.gl/ScHxYw8BzvUeb4ua9","","false","cmnpy89iz00lll0g7ywjy2p2d","2026-04-08 11:12:30.779","2026-04-18 04:59:00.453","5","10","TMP-RE8QLI","shri-mulveer-devasthan","true",,,,,,"shri-mulveer-devasthan","slug","TEMPLE_C8FX2","false","[{""end"":""01:00 PM"",""label"":""Morning"",""start"":""07:00 AM"",""active"":true},{""end"":""10:00 PM"",""label"":""Evening"",""start"":""05:00 PM"",""active"":true}]"
"cmnq1rsne00lol0g755y7wn1n","Shree Nrusinha Parashurama Temple","Poinguinim, Canacona (South Goa), Goa","Shree Parashurama Temple, Poinguinim Village, Canacona Taluka, South Goa, Goa – 403702, India","Shree Nrusinha Parashurama Temple is a rare and spiritually important temple located in the serene village of Poinguinim in South Goa. The temple is dedicated to Lord Parashurama, who is believed to be the sixth incarnation of Lord Vishnu and is associated with the creation of the Konkan and western coastal region of India.

This temple is considered unique because temples dedicated to Lord Parashurama are very rare in India. The shrine also houses Lord Purushottam, and both deities are placed in separate sanctums facing each other, giving the temple a distinctive architectural layout.

The temple is surrounded by dense greenery and forested landscapes, offering a peaceful and divine environment for devotees. Its traditional Goan architecture includes carved wooden pillars, a mandap, and a pyramid-shaped shikhara.

According to mythology, Lord Parashurama is believed to have reclaimed land from the sea by throwing his axe, forming the Konkan belt including Goa. This belief adds great religious significance to the temple among devotees.

The temple also features a shrine dedicated to Kshetrapala (guardian deity), which is commonly seen in Goan temples. Devotees visit this temple seeking blessings for strength, courage, and protection.

Festivals related to Vaishnav traditions and local rituals are celebrated with devotion, attracting visitors from nearby regions.

Due to its calm surroundings and spiritual importance, the temple is not only a place of worship but also a peaceful retreat for meditation and reflection.",,"/uploads/temples/1775652700783-cropped-image.jpg",,,"[""/uploads/temples/1775652700793-cropped-image.jpg""]",,"4.5","0","Lord Parashurama","false","","1212121212","https://parashuramatemple.org ","https://maps.app.goo.gl/3Dc7tuU1mFDCUjcX9","","false","cmnq1rsne00lnl0g7m0rsbsue","2026-04-08 12:51:40.873","2026-04-15 12:20:58.134","5","10","TMP-NR659W","parashurama-","true",,,,,,"parashurama-","slug","TEMPLE_4F2MA","false","[{""end"":""01:00 PM"",""label"":""Morning"",""start"":""06:00 AM"",""active"":true},{""end"":""07:00 PM"",""label"":""Evening"",""start"":""01:00 PM"",""active"":true}]"
"cmnq2at9u00lql0g7c6o9v1es","Shree Dattatreya Mandir  ","Sanquelim (Bicholim Taluka), Goa","Desai Nagar, Dattawadi, Sanquelim, Bicholim Taluka, North Goa, Goa – 403505, India","Shree Dattatreya Mandir, also known as Datta Mandir, is one of the oldest and most spiritually significant temples in Goa, located in Sanquelim.

The temple is dedicated to Lord Dattatreya, who represents the holy trinity of Brahma (creator), Vishnu (preserver), and Shiva (destroyer), making it a powerful symbol of divine unity.

This temple is believed to have remained untouched during historical invasions, which adds to its historical and religious importance.

The architecture of the temple reflects a blend of traditional Goan and classical styles, with a peaceful and spiritually uplifting ambiance.

The interiors are beautifully designed with marble and intricate carvings, enhancing the devotional experience for visitors.

The temple is surrounded by lush greenery and natural beauty, creating a calm and serene environment ideal for meditation and prayer.

Devotees strongly believe that visiting this temple helps in mental peace and healing from stress and difficulties.

One of the most important festivals celebrated here is Datta Jayanti, which attracts a large number of devotees from across Goa and nearby states.

The temple is also located close to the famous Arvalem Waterfalls, making it a popular spiritual and tourist destination.

Due to its peaceful surroundings and divine significance, the temple continues to be a major center of devotion and spiritual practice in Goa.",,"/uploads/temples/1775653588064-cropped-image.jpg",,,"[""/uploads/temples/1775653588071-cropped-image.jpg""]",,"4.5","0","Lord Dattatreya","false","","1234512345","https://dattatreyatemple.in","https://maps.app.goo.gl/oXwqv5cGMuzLU7ut8","","false","cmnq2at9u00lpl0g71d4f7k5v","2026-04-08 13:06:28.146","2026-04-15 12:20:58.134","5","10","TMP-F78THT","dattatreya","true",,,,,,"dattatreya","slug","TEMPLE_Z4923","false","[{""end"":""01:00 PM"",""label"":""Morning"",""start"":""06:00 AM"",""active"":true},{""end"":""08:00 PM"",""label"":""Evening"",""start"":""01:00 PM"",""active"":true}]"
"cmnraor6n0085l0jzp9krov0v","Shri Siddhivinayak Ganesh Mandir","Candolim (Bardez Taluka), Goa","GQ7F+892, Candolim, Goa 403515","Shri Siddhivinayak Ganesh Mandir is a peaceful and spiritually uplifting temple located in Candolim, North Goa. The temple is dedicated to Lord Ganesha, worshipped here as Siddhivinayak, who is believed to remove obstacles and grant success and prosperity to devotees.

The temple is surrounded by lush greenery, creating a calm and serene environment ideal for prayer and meditation. The main shrine is beautifully decorated with intricate carvings and colorful murals, enhancing the spiritual atmosphere for visitors.

Devotees regularly visit the temple to seek blessings before starting new ventures, as Lord Ganesha is considered the first deity to be worshipped in Hindu traditions. The temple is especially vibrant during Ganesh Chaturthi, when it is decorated with lights, flowers, and traditional arrangements, attracting a large number of devotees.

Despite being located near popular tourist areas like Candolim and Sinquerim, the temple maintains a शांत and divine ambiance. It offers a perfect combination of spirituality and natural beauty, making it a must-visit for both devotees and travelers.

The temple reflects traditional Goan temple culture and serves as an important place of worship for the local community. Visitors often experience a sense of peace, devotion, and positivity during their visit.",,"/uploads/temples/1775728141651-cropped-image.jpg",,,"[""/uploads/temples/1775728141660-cropped-image.jpg""]",,"4.3","0","Lord Ganesha","false","","1231231231","https://siddhivinayaktemple.in","https://maps.app.goo.gl/VGS2saCSLtETycbx7","","false","cmnraor6n0084l0jz532iku96","2026-04-09 09:49:01.727","2026-04-15 12:20:58.134","5","10","TMP-23W85G","siddhivinayak-ganesh","true",,,,,,"siddhivinayak-ganesh","slug","TEMPLE_7MFUL","false","[{""end"":""01:00 PM"",""label"":""Morning"",""start"":""06:00 AM"",""active"":true},{""end"":""08:00 PM"",""label"":""Evening"",""start"":""01:00 PM"",""active"":true}]"
"cmnrb8apx0087l0jzgdcen7n3","Shri Someshwara Temple (Shirvoi)","Shirvoi (Ponda Taluka), Goa","634V+M2G, Sirvoi, Goa 403705, India","Shri Someshwara Temple located in Shirvoi village of Ponda Taluka is a peaceful and spiritually significant temple dedicated to Lord Shiva, worshipped here as Someshwara. The temple is surrounded by natural greenery and a calm village environment, creating a serene atmosphere ideal for devotion and meditation.

The temple holds strong importance among local devotees and is considered a sacred place for seeking blessings, especially for peace, prosperity, and protection. Like many traditional Goan temples, it follows simple yet culturally rich architectural elements, reflecting regional heritage and devotion.

The surroundings of the temple enhance its spiritual charm, making it a quiet retreat away from crowded tourist spots. Devotees regularly visit for daily पूजा and special rituals dedicated to Lord Shiva.

During festivals like Mahashivratri and Shravan month, the temple becomes vibrant with भक्तिमय celebrations, attracting devotees from nearby areas. Special rituals, abhishek, and prayers are conducted with great श्रद्धा during these occasions.

The temple continues to serve as an important center of faith and cultural identity for the local community. Its peaceful ambiance and religious significance make it a must-visit place for devotees seeking divine blessings and spiritual calmness.",,"/uploads/temples/1775729053441-cropped-image.jpg",,,"[]",,"4.4","0","Lord Someshwara","false","","1212121212","https://someshwara.in","https://maps.app.goo.gl/tQTCTt7yATRyg7ii6","","false","cmnrb8apx0086l0jzs24tqyqr","2026-04-09 10:04:13.51","2026-04-15 12:20:58.134","5","10","TMP-KFHR0U","someshwara","true",,,,,,"someshwara","slug","TEMPLE_OVD9E","false","[{""end"":""01:00 PM"",""label"":""Morning"",""start"":""06:00 AM"",""active"":true},{""end"":""08:00 PM"",""label"":""Evening"",""start"":""01:00 PM"",""active"":true}]"
"cmnrbrhye0089l0jzb9tfo27z","Shree Shantadurga Kunkallikarin Temple","Fatorpa (Quepem Taluka), Goa","Shree Shantadurga Kunkallikarin Temple, Fatorpa Village, Quepem Taluka, South Goa, Goa – 403703, India","Shree Shantadurga Kunkallikarin Temple is one of the most ancient and revered temples in Goa, located in the peaceful village of Fatorpa in South Goa. The temple is dedicated to Goddess Shantadurga, a divine form of Goddess Parvati known for bringing peace by mediating between Lord Shiva and Lord Vishnu.

The deity originally belonged to Cuncolim (Kunkalli) and was relocated to Fatorpa in the 16th century to protect it from destruction during Portuguese rule. This historical movement is the reason behind the name “Kunkallikarin,” meaning the goddess from Kunkalli.

The temple has undergone several renovations over the centuries, with major reconstruction taking place during the Maratha period and later modern developments enhancing its structure.

Architecturally, the temple is grand and unique, featuring a tall shikhara, a massive entrance gate (Mahadwar), and one of the tallest deepastambhas (lamp towers) in the region. The temple complex is surrounded by hills and lush greenery, creating a peaceful and spiritual environment.

Inside the sanctum, the goddess is worshipped in multiple forms, and the temple also houses several associated deities, making it a spiritually rich complex.

One of the most important events here is the annual “Zatra,” celebrated with great devotion and attracting thousands of devotees from Goa and nearby states.

The temple also celebrates festivals like Navratri, Ram Navami, and other traditional rituals with great enthusiasm.

Due to its historical importance, architectural beauty, and strong spiritual significance, the temple is considered one of the must-visit temples in Goa.",,"/uploads/temples/1775729949275-cropped-image.jpg",,,"[""/uploads/temples/1775729949280-cropped-image.jpg""]",,"4.5","0","Goddess Shantadurga","false","","1212121212","https://shreeshantadurgakunkallikarin.com","https://maps.app.goo.gl/mX3GM5nrLF4x7way9","","false","cmnrbrhye0088l0jz841prmzl","2026-04-09 10:19:09.35","2026-04-15 12:20:58.134","5","10","TMP-7IOMOL","shantadurga","true",,,,,,"shantadurga","slug","TEMPLE_BY2O7","false","[{""end"":""01:00 PM"",""label"":""Morning"",""start"":""06:00 AM"",""active"":true},{""end"":""08:00 PM"",""label"":""Evening"",""start"":""01:00 PM"",""active"":true}]"
"cmnrccczp008bl0jzjehwxxrg","Shri Mahaganapati Temple, Khandola","Khandola (Ponda Taluka), Goa","NH 30, Opp. Adwalpalkar Greens Estate, Khandola, Marcel, Ponda Taluka, North Goa, Goa – 403107, India","Shri Mahaganapati Temple located in Khandola is one of the oldest and most revered temples dedicated to Lord Ganesha in Goa. The temple has a deep historical significance, as the original idol dates back to the 13th century and was shifted multiple times to protect it during invasions and Portuguese rule.

Originally situated in Ella (Old Goa), the deity was later moved to places like Divar, Khandepar, and Narve before finally being स्थापित at Khandola, where the temple stands today. This journey reflects the strong devotion of followers who safeguarded their faith through difficult times.

One of the unique features of the temple is that it houses both the ancient idol and a newer idol installed in 1969, placed side by side in the sanctum. This makes the temple historically and spiritually special.

The temple architecture is simple yet traditional, surrounded by greenery and peaceful surroundings that enhance the spiritual experience. Devotees visit regularly to seek blessings for success, prosperity, and removal of obstacles.

Major festivals like Ganesh Chaturthi and Sankashti Chaturthi are celebrated here with great devotion and enthusiasm, attracting a large number of devotees.

The temple is also associated with Kavale Math (Kavale Matha), which is an important spiritual institution of the Goud Saraswat Brahmin community, adding to its cultural importance.

Overall, the temple stands as a symbol of faith, history, and resilience, making it a must-visit spiritual destination in Goa.",,"/uploads/temples/1775731158995-cropped-image.jpg",,,"[]",,"4.4","0","Lord Ganesha","false","","1234512345","https://mahaganapatikhandola.com","https://maps.app.goo.gl/EhsTfWMtWJmcuyD56","","false","cmnrccczo008al0jzfimh3ab2","2026-04-09 10:35:22.693","2026-04-18 04:56:04.831","5","10","TMP-3LR6RD","shri-mahaganapati-temple-khandola","true",,,,,,"shri-mahaganapati-temple-khandola","slug","TEMPLE_ASZXE","false","[{""end"":""01:00 PM"",""label"":""Morning"",""start"":""06:00 AM"",""active"":true},{""end"":""08:00 PM"",""label"":""Evening"",""start"":""01:00 PM"",""active"":true}]"
"cmnrdfy0g008il0jzacnhml51","Shri Nirakar Mandir","Mashem, Canacona (South Goa), Goa","Shri Nirakar Temple, Panvel - Kochi - Kanyakumari Hwy, Mashem, Loliem, Goa 403728, Indi","Shri Nirakar Mandir is a unique and spiritually significant temple located in the village of Loliem in Canacona, South Goa. The temple is dedicated to the concept of “Nirakar,” which represents the formless and infinite aspect of the divine, commonly associated with Lord Shiva.

Unlike traditional temples with anthropomorphic idols, the worship here focuses on the abstract and symbolic representation of God, reflecting deeper philosophical beliefs in Hindu spirituality. The term “Nirakar” itself means without form, highlighting the idea that the divine transcends physical shape and attributes.

The temple is closely connected with the local community and also linked historically with the Nirakar Education Society, which has played an important role in the development of education in the region.

Surrounded by greenery and located near the highway, the temple offers a peaceful and serene atmosphere ideal for meditation and spiritual reflection. Devotees visit regularly to seek inner peace and blessings.

The temple complex is simple yet spiritually powerful, emphasizing devotion over grandeur. It also serves as a cultural and social center for nearby villages.

Festivals and local religious events are celebrated here with devotion, bringing together the community and preserving traditional practices.

Due to its unique concept of worship and calm surroundings, the temple attracts both devotees and visitors interested in spiritual philosophy.",,"/uploads/temples/1775732769450-cropped-image.jpg",,,"[]",,"4.5","0","Nirakar","false","","1234567891","https://nirakar.org","https://maps.app.goo.gl/eQ2C5ghGwiAEzgeg6","","false","cmnrdfy0g008hl0jznrl1nxqc","2026-04-09 11:06:09.52","2026-04-15 12:20:58.134","5","10","TMP-3QOVZZ","nirakar-temple","true",,,,,,"nirakar-temple","slug","TEMPLE_BEA3P","false","[{""end"":""01:00 PM"",""label"":""Morning"",""start"":""10:00 AM"",""active"":true},{""end"":""07:00 PM"",""label"":""Evening"",""start"":""01:00 PM"",""active"":true}]"
"cmnre2nwz008kl0jzjyvb169a","Shree Mahalaxmi Saunsthan, Bandora","Bandora (Bandode), Ponda Taluka, Goa","Shree Mahalaxmi Saunsthan, Bandora (Bandode), Ponda Taluka, North Goa, Goa – 403401, Indi","Shree Mahalaxmi Saunsthan located in Bandora (Bandode) is one of the most ancient and revered temples in Goa dedicated to Goddess Mahalaxmi. The temple is considered the abode of the original Goddess of the Shakti cult and holds deep spiritual importance among devotees.

The deity Mahalaxmi is worshipped as a form of Adishakti, symbolizing power, strength, and the cosmic energy that governs the universe. She is believed to be the mother of the trinity—Brahma, Vishnu, and Shiva—making the temple highly significant in Hindu tradition.

Historically, the temple has roots dating back several centuries and was associated with dynasties like the Shilahara and Kadamba rulers. During the Portuguese period, the idol was shifted to protect it from destruction, reflecting the strong devotion of followers.

The temple architecture is traditional yet unique, featuring beautifully carved wooden panels, a sabhamandap with rare images of Vishnu’s emanations, and a distinctive idol of the goddess wearing a Shiva Linga on her head.

The temple complex also includes shrines of other deities and offers facilities like accommodation, canteen, and halls for religious functions.

Major festivals such as Navratri, Ram Navami, and annual Jatra are celebrated with great devotion, attracting large numbers of devotees from Goa and nearby states.

Surrounded by greenery and peaceful surroundings, the temple provides a calm and spiritually uplifting environment for visitors. It remains an important center of faith, culture, and heritage in Goa.",,"/uploads/temples/1775733829446-cropped-image.jpg",,,"[""/uploads/temples/1775733829453-cropped-image.jpg"",""/uploads/temples/1775733974305-cropped-image.jpg"",""/uploads/temples/1775734040365-cropped-image.jpg""]",,"4.5","0","Goddess Mahalaxm","false","","7058185480","https://www.mahalaxmibandora.com","https://maps.app.goo.gl/7FWvu2SWU4KLJ4x26","","false","cmnre2nwz008jl0jzn73wubur","2026-04-09 11:23:49.523","2026-04-18 04:55:24.274","5","10","TMP-9SKI66","shree-mahalaxmi-saunsthan-bandora","true",,,,,,"shree-mahalaxmi-saunsthan-bandora","slug","TEMPLE_MWJNL","false","[{""end"":""01:00 PM"",""label"":""Morning"",""start"":""06:00 AM"",""active"":true},{""end"":""08:30 PM"",""label"":""Evening"",""start"":""01:00 PM"",""active"":true}]"
"cmnremazf008ml0jzade7rb89","Shri Ravalnath Mahalaxmi Temple","Mulgaon (Bicholim), Goa","Mapusa–Bicholim Road, Mulgaon, Bicholim Taluka, North Goa, Goa – 403503, India","Shri Ravalnath Mahalaxmi Temple located in Mulgaon is an important and ancient temple in North Goa, dedicated to both Shri Ravalnath and Goddess Mahalaxmi. The temple holds strong spiritual and cultural significance among local devotees and is considered a sacred place for worship and community gatherings.

Ravalnath is widely worshipped in Goa and coastal Maharashtra as a guardian deity (Kshetrapal), often associated with protection, strength, and justice. Along with him, Goddess Mahalaxmi is worshipped as a form of divine energy and prosperity, making the temple spiritually powerful with dual deity significance.

The temple reflects traditional Goan temple architecture, with a simple yet peaceful structure surrounded by greenery and village surroundings. It serves as an important religious center for nearby communities, where daily rituals and poojas are performed with devotion.

Devotees visit the temple regularly to seek blessings for protection, prosperity, and well-being. The presence of both Ravalnath (a warrior guardian deity) and Mahalaxmi (goddess of wealth and power) makes the temple unique and highly revered.

Festivals and annual jatra are celebrated with great devotion, attracting devotees from surrounding areas. During these occasions, the temple becomes vibrant with traditional rituals, processions, and cultural activities.

The temple continues to play an important role in preserving local traditions, beliefs, and spiritual practices, making it a significant religious landmark in Mulgaon.",,"/uploads/temples/1775734745811-cropped-image.jpg",,,"[]",,"4.5","0","Shri Ravalnath & Goddess Mahalaxmi","false","","9425052101","https://ravlnathmhalaxmi.in","https://maps.app.goo.gl/JRfkixXginvJjxqo9","","false","cmnremazf008ll0jznt0fzglh","2026-04-09 11:39:05.883","2026-04-18 04:58:35.615","5","10","TMP-8MVLL7","shri-ravalnath-mahalaxmi-temple","true",,,,,,"shri-ravalnath-mahalaxmi-temple","slug","TEMPLE_PYXNG","false","[{""end"":""01:00 PM"",""label"":""Morning"",""start"":""06:00 AM"",""active"":true},{""end"":""08:00 PM"",""label"":""Evening"",""start"":""01:00 PM"",""active"":true}]"
"cmnwu42tr00dol0jza0evcahf","Shree Mahalasa Narayani Temple ","Mardol (Ponda Taluka), Goa","Shree Mahalasa Narayani Temple, Mardol, Ponda Taluka, North Goa, Goa – 403404, India","Shree Mahalasa Narayani Temple located in Mardol is one of the most prominent and ancient temples in Goa, dedicated to Goddess Mahalasa, considered the Mohini avatar of Lord Vishnu.

The temple has great historical significance, as the original deity was worshipped in Verna but was shifted to Mardol in the 16th century to protect it during Portuguese invasions. This relocation reflects the strong devotion and efforts of followers to preserve their faith.

The temple is known for its beautiful Goan architecture, featuring wooden pillars, a silver-framed doorway, and a विशाल दीपस्तंभ (lamp tower) with multiple tiers that is lit during festivals.

Goddess Mahalasa is worshipped as a powerful form of divine energy and is considered the Kuldevi (family deity) by many communities, especially Goud Saraswat Brahmins.

The temple is surrounded by peaceful natural surroundings, offering a calm and spiritual environment for devotees. It is located close to other famous temples like Mangeshi, making it part of an important pilgrimage circuit in Goa.

Major festivals such as the annual Jatra, Navratri, and Kojagiri Purnima are celebrated with great devotion and attract a large number of devotees.

The temple continues to be an important center of faith, culture, and tradition, where daily rituals and special poojas are performed with devotion.",,"/uploads/temples/1776063100168-cropped-image.jpg",,,"[""/uploads/temples/1776063100178-cropped-image.jpg""]",,"4.5","0","Mahalasa Narayani","false","","1212121212","https://www.mahalasa.org","https://maps.app.goo.gl/W8g4up4aTPKx14Ug8","","false","cmnwu42tr00dnl0jzcryf31g9","2026-04-13 06:51:40.239","2026-04-15 12:20:58.134","5","10","TMP-AJUN71","mahalasa-devi","true",,,,,,"mahalasa-devi","slug","TEMPLE_WH7XL","false","[{""end"":""01:00 PM"",""label"":""Morning"",""start"":""06:00 AM"",""active"":true},{""end"":""09:00 PM"",""label"":""Evening"",""start"":""01:00 PM"",""active"":true}]"
"cmnwxuu0v00dql0jzmxtjuped","Shri Kopeshwar Temple","Khidrapur , Kolhapur, Maharashtra","Shri Kopeshwar Temple, Khidrapur Village, Shirol Taluka, Kolhapur District, Maharashtra – 416108, India","Shri Kopeshwar Temple is an ancient and architecturally magnificent temple located in Khidrapur on the banks of the Krishna River in Maharashtra. It is dedicated to Lord Shiva, worshipped here as “Kopeshwar,” meaning the wrathful or angry form of the deity.

The temple dates back to the 11th–12th century and was built by the Shilahara king Gandaraditya, making it one of the oldest temples in the region.

One of the most unique features of this temple is that it houses both Lord Shiva and Lord Vishnu (Dhopeshwar), which is very rare in Indian temples.

The temple is famous for its extraordinary stone architecture and intricate carvings depicting gods, dancers, and mythological scenes. It is often referred to as the “Khajuraho of Maharashtra” due to its artistic beauty.

The structure of the temple is divided into four main parts—Swargamandap, Sabhamandap, Antaral, and Garbhagriha. The Swargamandap is especially unique with an open circular ceiling that allows sunlight to enter, creating a divine ambiance.

Interestingly, unlike most Shiva temples, there is no Nandi idol directly facing the Shiva Lingam inside the sanctum, which makes it architecturally distinctive.

The temple has inscriptions and historical records that reflect the cultural and political history of the region, including battles and royal patronage.

Mahashivratri is the major festival celebrated here, attracting a large number of devotees and tourists.

Surrounded by natural beauty and located near the Maharashtra–Karnataka border, the temple offers a peaceful and spiritually enriching experience.",,"/uploads/temples/1776069387284-cropped-image.jpg",,,"[""/uploads/temples/1776069387294-cropped-image.jpg""]",,"4.4","0","Lord Shiva","false","","1234512345","https://kopeshwar.in","https://maps.app.goo.gl/j5DBmxeeBURtTq817","","false","cmnwxuu0v00dpl0jz9wt7aqc5","2026-04-13 08:36:27.391","2026-04-15 12:20:58.134","5","10","TMP-C095Z0","kopeshwar","true",,,,,,"kopeshwar","slug","TEMPLE_KKAXP","false","[{""end"":""01:00 PM"",""label"":""Morning"",""start"":""06:00 AM"",""active"":true},{""end"":""08:00 PM"",""label"":""Evening"",""start"":""01:00 PM"",""active"":true}]"
"cmnwy7xx000dsl0jz23al9piu","Shri Narsobachi Wadi Datta Mandir","Nrusinhawadi , Kolhapur","Shri Narasimha Saraswati Swami Datta Deva Sansthan, Narsobawadi (Narsobachi Wadi), Shirol Taluka, Kolhapur District, Maharashtra – 416104, India","Narsobachi Wadi is one of the most sacred pilgrimage places dedicated to Lord Dattatreya in Maharashtra. The temple is located at the holy confluence of the Krishna and Panchganga rivers, which enhances its spiritual importance.

The temple is associated with Shri Narasimha Saraswati, who is believed to be an incarnation of Lord Dattatreya and stayed here for about 12 years performing penance and spiritual teachings.

Unlike typical temples, there is no idol in the sanctum; instead, devotees worship the sacred “Padukas” (holy footprints), which symbolize the divine presence of the deity.

The temple is known for its powerful spiritual energy, and devotees believe that prayers here help in healing, peace of mind, and removal of difficulties.

Daily rituals include Kakad Aarti, Paduka Pooja, Rudrabhishek, Maha Aarti, and Palkhi procession, which are performed with great devotion throughout the day.

Every Saturday, a special Palkhi procession is carried out, attracting a large number of devotees.

The temple surroundings are very peaceful, with riverbanks, Audumbar trees, and natural beauty, making it ideal for spiritual experience and meditation.

It is one of the most important Datta Sampradaya pilgrimage centers in India, along with places like Ganagapur and Girnar.",,"/uploads/temples/1776069998887-cropped-image.jpg",,,"[]",,"4.5","0","Lord Dattatreya","false","","1234512345","https://narsobachiwadi.in","https://maps.app.goo.gl/jpkJxKuBMM2MfxyD7","","false","cmnwy7xx000drl0jzzmyt0gf5","2026-04-13 08:46:38.964","2026-04-15 12:20:58.134","5","10","TMP-DBE4V1","narsobachi-wadi","true",,,,,,"narsobachi-wadi","slug","TEMPLE_Y3GCG","false","[{""end"":""01:00 PM"",""label"":""Morning"",""start"":""05:00 AM"",""active"":true},{""end"":""10:00 PM"",""label"":""Evening"",""start"":""01:00 PM"",""active"":true}]"
"cmnwzh65z00dyl0jzb87pc1l0","Shri Devi Katyayani Temple","Kolhapur, Maharashtra"," Kalambe Turf Thane, Maharashtra 416013, India","Shri Katyayani Devi Mandir is a highly revered temple located in Kolhapur, Maharashtra, dedicated to Goddess Katyayani, one of the nine forms of Goddess Durga. The temple holds great religious importance and is considered a powerful place for seeking strength, courage, and protection.

The temple is situated in the southern part of Kolhapur and is associated with ancient legends mentioned in the Karveer Mahatmya. It is believed that Goddess Katyayani played a crucial role in assisting Goddess Mahalaxmi in defeating the demon Raktabeej, symbolizing the victory of good over evil.

Historically, the temple is believed to be several centuries old and has been visited by Maratha rulers like Chhatrapati Shahu Maharaj. The temple is located on a small hill surrounded by natural beauty, making it a peaceful and scenic spiritual destination.

The architecture of the temple reflects traditional stone construction with a simple yet powerful spiritual ambiance. The temple परिसर also includes sacred spots like Amrut Kund, which is associated with mythological significance.

Devotees visit regularly, especially on Tuesdays and Fridays, which are considered auspicious days for worshipping the Goddess. During Navratri, the temple becomes highly vibrant, attracting a large number of devotees who come to seek blessings.

The temple is also considered one of the important protective shrines around Kolhapur, complementing other famous temples like Mahalaxmi Temple. It remains an important spiritual and cultural landmark of the region.",,"/uploads/temples/1776072109102-cropped-image.jpg",,,"[""/uploads/temples/1776072109107-cropped-image.jpg""]",,"4.5","0","Kolhapur, Maharashtra","false","","9765798711","https://katyanidevi.in","https://maps.app.goo.gl/UcxE76HQyUQxPP9z8","","false","cmnwzh65y00dxl0jzhecexwt6","2026-04-13 09:21:49.175","2026-04-15 12:20:58.134","5","10","TMP-Q8OCCN","katyayani-devi","true",,,,,,"katyayani-devi","slug","TEMPLE_ER8HK","false","[{""end"":""12:00 PM"",""label"":""Morning"",""start"":""05:30 AM"",""active"":true},{""end"":""09:00 PM"",""label"":""Evening"",""start"":""04:00 PM"",""active"":true}]"
"cmnwzvpgg00e0l0jzmiecfmep","Bhavani Mandap Temple","Kolhapur, Maharashtra","Bhavani Mandap, Near Mahalaxmi Temple Kolhapur, Kolhapur, Maharashtra – 416012, India","Bhavani Mandap is a historic and culturally significant structure located in the heart of Kolhapur city, close to the famous Mahalaxmi Temple Kolhapur. It was originally built during the reign of the Maratha Empire rulers and served as a royal court and administrative hall.

The structure reflects traditional Maratha architecture with strong stone construction, large arches, and spacious interiors. It was historically used for darbars, royal meetings, and important state functions. Over time, it has become an important landmark representing Kolhapur’s royal heritage.

Inside the Mandap, there is a shrine dedicated to Goddess Bhavani, who is worshipped as a powerful form of Durga. Devotees visit the place not only for its historical value but also for spiritual purposes.

The location is also known for local markets and traditional shopping areas surrounding the Mandap, making it a vibrant cultural hub. Visitors can experience a blend of history, spirituality, and local lifestyle in one place.

Due to its proximity to major attractions and its historical importance, Bhavani Mandap is a must-visit place in Kolhapur for both devotees and tourists. It also plays a role during local festivals and celebrations, adding to its cultural significance.",,"/uploads/temples/1776072893879-cropped-image.jpg",,,"[]",,"4.5","0","Goddess Bhavani","false","","","https://bhavanitemple","https://maps.app.goo.gl/cCUH49ytjAEeQ4S78","","false","cmnwzvpgg00dzl0jzo8ezemom","2026-04-13 09:33:07.36","2026-04-15 12:20:58.134","5","10","TMP-IW3Y01","bhavani-mandap","true",,,,,,"bhavani-mandap","slug","TEMPLE_CZJVK","false","[{""end"":""01:00 PM"",""label"":""Morning"",""start"":""06:00 AM"",""active"":true},{""end"":""08:00 PM"",""label"":""Evening"",""start"":""01:00 PM"",""active"":true}]"
"cmnx1ncid00e2l0jzdevwfjuz","Sadguru Shri Saint Balumama Temple","Adamapur, Kolhapur, Maharashtra","Shri Balumama Devalaya, Adamapur, Taluka Bhudargad, District Kolhapur, Maharashtra – 416208, India","Sadguru Shri Saint Balumama Temple is a well-known spiritual destination located in Adamapur village of Kolhapur district. The temple is dedicated to Saint Balumama, a revered saint believed to have divine powers and deep compassion for devotees. He belonged to the Dhangar (shepherd) community and is widely worshipped across Maharashtra and Karnataka. The temple attracts thousands of devotees, especially on Amavasya (new moon day), when special rituals and gatherings are आयोजित.
The temple परिसर offers a peaceful and devotional atmosphere, making it ideal for meditation and spiritual reflection. Devotees visit to seek blessings for health, prosperity, and protection. Traditional offerings and prasadam are distributed regularly. The temple also conducts daily पूजा and special events during festivals.
The surrounding area has basic facilities for pilgrims, and the temple trust manages the activities and arrangements. Due to its religious importance and strong faith among followers, the temple sees a continuous flow of visitors throughout the year. It is considered one of the significant pilgrimage spots in Kolhapur district.",,"/uploads/temples/1776075756487-cropped-image.jpg",,,"[""/uploads/temples/1776075756493-cropped-image.jpg""]",,"4.5","0","Saint Balumama","false","","1212121212","http://www.balumamamandir.org","https://maps.app.goo.gl/kcDvVYT1V59vohzCA","","false","cmnx1ncid00e1l0jzlxh68rux","2026-04-13 10:22:36.565","2026-04-15 12:20:58.134","5","10","TMP-U4D69A","balumama-admapur","true",,,,,,"balumama-admapur","slug","TEMPLE_LAD1U","false","[{""end"":""01:00 PM"",""label"":""Morning"",""start"":""05:00 AM"",""active"":true},{""end"":""10:00 PM"",""label"":""Evening"",""start"":""01:00 PM"",""active"":true}]"
"cmnx3g4n200e6l0jzsurprnfg","Shree Shaneshwar Temple","Shani Shingnapur, Ahmednagar, Maharashtra","Shri Shaneshwar Devasthan, Shani Shingnapur Village, Taluka Nevasa, District Ahmednagar, Maharashtra – 414105, India","Shree Shanidev Temple at Shani Shingnapur is one of the most famous and powerful temples dedicated to Lord Shani in India. The temple is unique because the idol of Shanidev is a self-manifested (Swayambhu) black stone placed in an open-air platform without any roof or enclosure. This symbolizes that Lord Shani observes everything and protects devotees at all times.
The village of Shani Shingnapur is globally known for its tradition of houses without doors or locks, as people strongly believe that Lord Shani protects them from theft and wrongdoing. This belief has made the temple a symbol of faith, justice, and divine protection.
Thousands of devotees visit daily, and the number increases significantly during Shani Amavasya and Saturdays, which are considered highly auspicious for worship. Devotees offer oil (tailabhishek), black sesame seeds, and prayers to reduce the negative effects of Shani in astrology.
The temple has a rich history of more than 500 years and is considered a “jagrut devasthan,” meaning the deity is believed to be spiritually active and responsive to prayers. The peaceful yet powerful spiritual environment attracts pilgrims from all over India.
Special rituals like abhishek, aarti, and prasadam distribution are performed daily. Due to its uniqueness and strong faith among devotees, it remains one of the most visited pilgrimage sites in Maharashtra.",,"/uploads/temples/1776079355591-cropped-image.jpg",,,"[]",,"4.5","0","Lord Shani","false","","2422254224","https://www.shanishingnapurtemple.com","https://maps.app.goo.gl/6XXr6xHF41RjCD5WA","","false","cmnx3g4n200e5l0jz1i816pbn","2026-04-13 11:12:59.006","2026-04-16 10:45:29.795","5","10","TMP-2TE9A3","shaneshwar-temple","true",,,,,,"shaneshwar-temple","slug","TEMPLE_SK3OG","false","[{""end"":""01:00 PM"",""label"":""Morning"",""start"":""07:00 AM"",""active"":true},{""end"":""10:00 PM"",""label"":""Evening"",""start"":""05:00 PM"",""active"":true}]"
"cmnx47w8q00eal0jz3y8nvu5n","Shri Mohata Devi Temple","Mohata, Pathardi , Maharashtra","Shri Mohata Devi Temple, Mohata Village, Taluka Pathardi, District Ahmednagar, Maharashtra – 414102, India","Shri Mohata Devi Temple is a well-known and highly revered temple located in Mohata village near Pathardi in Ahmednagar district. The temple is dedicated to Goddess Mohata Devi, who is worshipped as a powerful form of Shakti and considered the protector of the region. The temple holds great spiritual importance among devotees from Maharashtra and nearby states.
The temple architecture is simple yet traditional, reflecting rural devotional culture and deep-rooted faith. It attracts a large number of devotees, especially during Navratri festival, when grand पूजा, aarti, and cultural programs are organized.
Devotees visit the temple to seek blessings for health, prosperity, and protection from negative influences. The peaceful surroundings of the temple provide a calm and spiritual environment for prayer and meditation.
Special rituals and offerings are performed regularly, and the temple trust manages the arrangements for devotees. The temple परिसर is well-maintained and provides basic facilities for visitors.
Due to its religious significance and strong local belief, Mohata Devi Temple is considered one of the important pilgrimage sites in the Ahmednagar district. The temple continues to attract thousands of devotees throughout the year who come with श्रद्धा and devotion.",,"/uploads/temples/1776080074414-cropped-image.jpg",,,"[""/uploads/temples/1776080074428-cropped-image.jpg""]",,"4.5","0","Goddess Mohata Devi","false","","1212121212","https://mohatadevi.in","https://maps.app.goo.gl/2QiE83W4A2eQ5rrc8","","false","cmnx47w8q00e9l0jz8mw5i85a","2026-04-13 11:34:34.491","2026-04-15 12:20:58.134","5","10","TMP-O9CHG6","mohata-devi","true",,,,,,"mohata-devi","slug","TEMPLE_B4O95","false","[{""end"":""01:00 PM"",""label"":""Morning"",""start"":""05:00 AM"",""active"":true},{""end"":""09:00 PM"",""label"":""Evening"",""start"":""01:00 PM"",""active"":true}]"
"cmnx4rzpw00ecl0jzlaok1vkx","Vishal Ganpati Mandir, Titwala","Titwala, Thane, Maharashtra","Vishal Ganpati Mandir, Titwala, Taluka Kalyan, District Thane, Maharashtra – 421605, India","Vishal Ganpati Mandir located in Titwala is a popular temple dedicated to Lord Ganesha, known for its large and impressive idol, which gives the temple its name “Vishal Ganpati.” The temple is situated close to the famous Siddhivinayak Temple of Titwala and attracts many devotees throughout the year.
The temple holds special significance for devotees who seek blessings for success, prosperity, and removal of obstacles from their lives. The idol of Lord Ganesha is beautifully crafted and radiates a divine presence that भक्त feel deeply connected to.
The temple परिसर is peaceful and well-maintained, providing a calm atmosphere for prayer and meditation. Devotees visit especially during Ganesh Chaturthi and Sankashti Chaturthi, when special पूजा, aarti, and celebrations are organized.
Regular rituals and offerings are performed daily, and prasadam is distributed among devotees. The temple also sees a large number of visitors on weekends and auspicious days.
Due to its spiritual importance and convenient location, Vishal Ganpati Mandir is considered one of the notable Ganesh temples in the Thane district, attracting devotees from nearby cities like Mumbai and Kalyan.",,"/uploads/temples/1776081012028-cropped-image.jpg",,,"[""/uploads/temples/1776081012035-cropped-image.jpg""]",,"4.5","0","Lord Ganesha","false","","2512389000","https://vishalganpati.org","https://maps.app.goo.gl/1fpKdXUwvNFMoSGb7","","false","cmnx4rzpw00ebl0jzfvda3cwa","2026-04-13 11:50:12.116","2026-04-15 12:20:58.134","5","10","TMP-MQ7TNV","vishal-ganpati","true",,,,,,"vishal-ganpati","slug","TEMPLE_J07C7","false","[{""end"":""01:00 PM"",""label"":""Morning"",""start"":""05:00 AM"",""active"":true},{""end"":""10:00 PM"",""label"":""Evening"",""start"":""01:00 PM"",""active"":true}]"
"cmnx5dx0p00eel0jz6ew80xw4","Shree Kanchdevi (Renuka) Mandir","Belhekarwadi, Ahmednagar, Maharashtra","Shree Kanchdevi (Renuka) Mandir, Belhekarwadi Village, Taluka Nevasa, District Ahmednagar, Maharashtra – 414105, India  ","Shree Kanchdevi (Renuka) Mandir located in Belhekarwadi is a sacred temple dedicated to Goddess Renuka, who is worshipped locally as Kanchdevi. The temple holds strong religious importance among the local community and devotees from nearby regions. Goddess Renuka is considered a powerful mother goddess, symbolizing strength, protection, and nurturing energy.
The temple is situated in a शांत and natural environment, offering a peaceful atmosphere for devotees to pray and seek blessings. It is especially visited by people seeking relief from difficulties, family well-being, and spiritual growth.
During festivals like Navratri, the temple becomes a center of devotion with special पूजा, aarti, and cultural programs conducted with great enthusiasm. Many devotees participate in these celebrations and offer prayers with deep श्रद्धा.
The temple परिसर is simple yet well-maintained, reflecting traditional village temple architecture. Daily rituals and offerings are performed regularly, and prasadam is distributed to visitors.
Managed by the local trust, the temple provides basic facilities for pilgrims. Due to its spiritual significance and growing popularity, it continues to attract devotees throughout the year and is considered an important religious place in the Ahmednagar district.",,"/uploads/temples/1776082034968-cropped-image.jpg",,,"[""/uploads/temples/1776082034971-cropped-image.jpg""]",,"4.5","0","Goddess Renuka","false","","1231231234","","https://maps.app.goo.gl/cVCLD9LYam6KYGhK6","","false","cmnx5dx0p00edl0jzbq9ncoyz","2026-04-13 12:07:15.049","2026-04-15 12:20:58.134","5","10","TMP-JPXG21","kanchdevi-renuka","true",,,,,,"kanchdevi-renuka","slug","TEMPLE_D0833","false","[{""end"":""01:00 PM"",""label"":""Morning"",""start"":""05:30 AM"",""active"":true},{""end"":""09:00 PM"",""label"":""Evening"",""start"":""01:00 PM"",""active"":true}]"
"cmnx68jn000egl0jzdua483wl","Shri Datta Devasthan Savedi","Savedi, Ahmednagar (Ahilyanagar), Maharashtra","Shree Datta Devasthan Trust, Vedantnagar, Savedi, Manmad Road, Ahmednagar (Ahilyanagar), Maharashtra – 414003, India","Shri Datta Devasthan located in Savedi, Ahmednagar is a prominent spiritual and religious center dedicated to Lord Dattatreya. The temple is managed by Shri Datta Devasthan Trust, which was established in 1974 by Sadguru Shri Ramakrishna Kshirsagar Swamiji with the aim of preserving Vedic knowledge and promoting spiritual values.
The temple परिसर is peaceful and spiritually vibrant, attracting devotees seeking inner peace, guidance, and blessings. One of the main highlights of the temple is the presence of the sacred Paduka of Shri Nrusimha Saraswati Swamiji, believed to be a divine incarnation of Lord Dattatreya.
The Devasthan also includes Vedant Vidyapeetham, where students learn Vedas and traditional knowledge in Gurukul style. Various yajnas, religious rituals, and spiritual discourses are conducted regularly for the welfare of society.
Major festivals like Guru Pournima, Datta Jayanti, and Adi Shankaracharya Jayanti are celebrated with great devotion and large gatherings of devotees.
The temple complex also has a serene Tapovan area, गौशाला, and library for spiritual learning. The calm and divine atmosphere makes it an ideal place for meditation and spiritual growth.
Due to its religious importance and well-organized trust activities, Shri Datta Devasthan is considered one of the major pilgrimage centers in Ahmednagar district.",,"/uploads/temples/1776083463954-cropped-image.jpg",,,"[""/uploads/temples/1776083463960-cropped-image.jpg""]",,"4.5","0","Lord Dattatreya","false","","2412423585","https://www.dattadevasthan.org","https://maps.app.goo.gl/jcLHoiUTPfjidDZ39","","false","cmnx68jn000efl0jzjdqobrou","2026-04-13 12:31:04.044","2026-04-15 12:20:58.134","5","10","TMP-L5088M","datta-devastha","true",,,,,,"datta-devastha","slug","TEMPLE_C2A9B","false","[{""end"":""01:00 PM"",""label"":""Morning"",""start"":""07:00 AM"",""active"":true},{""end"":""10:00 PM"",""label"":""Evening"",""start"":""05:00 PM"",""active"":true}]"
"cmnx6hpdw00eil0jzvtl4mn0p","Shri Shukleshwar Mahadev Temple","Ahmednagar, Maharashtra","Shukleshwar Mahadev Temple, 4Q29+HQ3, Bhingar, Ahmednagar, Maharashtra – 414002, India","Shri Shukleshwar Mahadev Temple is a revered Hindu temple dedicated to Lord Shiva, located in the Bhingar area of Ahmednagar city. The temple is an important spiritual center for local devotees who visit regularly to offer prayers and seek blessings. The presiding deity, Lord Shiva, is worshipped in the form of a Shivling, symbolizing divine power and cosmic energy.
The temple maintains a peaceful and devotional atmosphere, making it suitable for meditation and spiritual reflection. Devotees believe that worshipping here brings peace of mind, removes obstacles, and fulfills wishes. The temple sees a steady flow of visitors throughout the year, especially on Mondays and during the holy month of Shravan.
On occasions like Mahashivratri, the temple becomes highly active with special पूजा, abhishek, and aarti performed with great devotion. Many devotees participate in rituals and offer milk, water, and bilva leaves to Lord Shiva.
The temple is simple in structure but holds deep religious significance for the local community. It is well-maintained and easily accessible within the city area.
Due to its spiritual importance and regular worship activities, Shri Shukleshwar Mahadev Temple is considered one of the notable Shiva temples in Ahmednagar district.",,"/uploads/temples/1776083891325-cropped-image.jpg",,,"[]",,"4.5","0","Lord Shiva","false","","9503999933","https://sukheshwaramhadev.org","https://maps.app.goo.gl/3Yur3ESw4LhePfcG8","","false","cmnx6hpdw00ehl0jzz1b3y7qd","2026-04-13 12:38:11.397","2026-04-15 12:20:58.134","5","10","TMP-6KGKFB","shukleshwar-mahadev","true",,,,,,"shukleshwar-mahadev","slug","TEMPLE_QVRO6","false","[{""end"":""01:00 PM"",""label"":""Morning"",""start"":""04:00 AM"",""active"":true},{""end"":""10:00 PM"",""label"":""Evening"",""start"":""01:00 PM"",""active"":true}]"
"cmnx78qgb00ekl0jzm7f9fyks","Shri Bhagwati Mata Mandir, Kolhar Bhagwatipur","Kolhar (Bhagwatipur), Ahmednagar, Maharashtra","Shri Bhagwati Mata Mandir, NH-10, Kolhar Bhagwatipur, Taluka Rahata, District Ahmednagar, Maharashtra – 413710, India","Shri Bhagwati Mata Mandir located in Kolhar Bhagwatipur is a highly revered pilgrimage site in Ahmednagar district. The temple is dedicated to Goddess Bhagwati Mata, a powerful form of Shakti worshipped as the divine mother who protects and fulfills the wishes of her devotees. The temple holds great religious significance and is known as a जागृत देवस्थान (spiritually active shrine).
One of the unique aspects of this temple is the presence of combined representations of the “Saade Teen Shakti Peethas,” including Tuljapur’s Tulja Bhavani, Mahur’s Renuka Mata, and Vani’s Saptashrungi Mata along with Bhagwati Mata, making it a rare and sacred place.
The temple is situated on the banks of the Pravara River and is easily accessible from the Ahmednagar–Manmad highway, attracting thousands of devotees throughout the year.
During Navratri, the temple becomes a major center of devotion with grand celebrations, rituals, and large gatherings of devotees. Special पूजा, aarti, and cultural programs are organized during this period.
The temple परिसर has been renovated and expanded by the trust with facilities like halls, queue arrangements, and bhakta niwas for devotees.
Devotees believe that Goddess Bhagwati fulfills vows, removes difficulties, and blesses them with strength and prosperity. The peaceful and divine atmosphere of the temple makes it a perfect place for spiritual connection and devotion.",,"/uploads/temples/1776085152412-cropped-image.jpg",,,"[""/uploads/temples/1776085152418-cropped-image.jpg""]",,"4.5","0","Goddess Bhagwati Mata","false","","9403378917","http://www.bhagwatimata.in","https://maps.app.goo.gl/WJPQF8Lg1sFigYeL6","","false","cmnx78qgb00ejl0jzpuitiv43","2026-04-13 12:59:12.492","2026-04-15 12:20:58.134","5","10","TMP-BRLY5J","bhagwati-mata","true",,,,,,"bhagwati-mata","slug","TEMPLE_M5HL7","false","[{""end"":""01:00 PM"",""label"":""Morning"",""start"":""05:30 AM"",""active"":true},{""end"":""05:30 AM"",""label"":""Evening"",""start"":""01:00 PM"",""active"":true}]"
"cmny93d0400eml0jzj7nvzpuc","ISKCON Temple Ahilyanagar","Ahilyanagar (Ahmednagar), Maharashtra","Kadambari Nagari Phase 4, Bhistabag, Savedi Road, Ahilyanagar (Ahmednagar), Maharashtra – 414003, India","ISKCON Temple in Ahilyanagar is a spiritual center dedicated to Lord Krishna and follows the teachings of the International Society for Krishna Consciousness, founded by A.C. Bhaktivedanta Swami Prabhupada.
The temple promotes devotional practices such as chanting (Hare Krishna Mahamantra), kirtan, and study of sacred texts like Bhagavad Gita and Srimad Bhagavatam. It serves as a hub for spiritual learning, youth engagement, and community service.
The temple atmosphere is peaceful and भक्तिमय, attracting devotees seeking inner peace, meditation, and spiritual growth. Regular aartis, bhajans, and pravachans are conducted daily, creating a vibrant devotional environment.
ISKCON temples are known worldwide for maintaining traditional Vaishnav rituals and promoting a disciplined devotional lifestyle. The Ahilyanagar temple also organizes festivals like Janmashtami, which are celebrated with great enthusiasm and large gatherings of devotees.
The temple also conducts food distribution programs (prasadam seva) and social welfare activities for the community. The serene surroundings and positive energy make it an ideal place for spiritual reflection.
Due to its growing popularity and spiritual importance, the temple has become one of the well-known devotional centers in the Ahilyanagar region.",,"/uploads/temples/1776148727109-cropped-image.jpg",,,"[]",,"4.5","0","Lord Krishna and Radha","false","","7080007015","https://www.iskconahilyanagar.org","https://maps.app.goo.gl/yAgnrPinFp5eziq76","","false","cmny93d0400ell0jzmyt1yf59","2026-04-14 06:38:47.187","2026-04-15 12:20:58.134","5","10","TMP-K1R69D","iskcon-temple","true",,,,,,"iskcon-temple","slug","TEMPLE_QN2SN","false","[{""end"":""01:00 PM"",""label"":""Morning"",""start"":""07:00 AM"",""active"":true},{""end"":""10:00 PM"",""label"":""Evening"",""start"":""05:00 PM"",""active"":true}]"
"cmny9ry4000erl0jzuhjnqeq8","Shri Raj Rajeshwar Mandir","Akola, Maharashtra","Shivaji Nagar, Akola, Maharashtra – 444002, India","Shri Raj Rajeshwar Mandir is one of the oldest and most prominent temples in Akola, dedicated to Lord Shiva. The temple is also popularly known as “Berar che Rajeshwar” and holds deep historical and spiritual significance in the region.
The temple houses an ancient Shivling, which is believed to be highly powerful and spiritually active (jagrut), attracting thousands of devotees throughout the year.
Devotees visit the temple to seek blessings for peace, prosperity, and removal of obstacles from their lives. The temple is especially crowded on Mondays and during the holy month of Shravan, which is considered highly auspicious for Lord Shiva worship.
The temple offers a peaceful and divine environment, making it an ideal place for meditation and spiritual connection. Daily पूजा, abhishek, and aarti are performed with devotion.
The architecture reflects traditional Hindu temple design, and the परिसर includes multiple small shrines dedicated to other deities.
During festivals like Mahashivratri, the temple becomes a major center of devotion with large gatherings and special rituals.
Due to its historical importance, spiritual power, and continuous devotion of followers, Shri Raj Rajeshwar Mandir is considered one of the most important religious landmarks in Akola and attracts devotees from across Maharashtra.",,"/uploads/temples/1776149874229-cropped-image.jpg",,,"[]",,"4.5","0","Lord Shiva","false","","8698985587","https://rajarajeshwara.org","https://maps.app.goo.gl/NRezjfRnp9vF9m7J7","","false","cmny9ry4000eql0jzdxvlqk9l","2026-04-14 06:57:54.289","2026-04-15 12:20:58.134","5","10","TMP-SDUEUS","raj-rajeshwar","true",,,,,,"raj-rajeshwar","slug","TEMPLE_WFPBS","false","[{""end"":""01:00 PM"",""label"":""Morning"",""start"":""07:00 AM"",""active"":true},{""end"":""10:00 PM"",""label"":""Evening"",""start"":""05:00 PM"",""active"":true}]"
"cmnyamedl00etl0jzz1wu5z5b","Shri Salasar Balaji Temple","Akola, Maharashtra","Nafees Bagh, Dahigaon Gawande, Akola, Maharashtra 444007, India","Salasar Balaji Temple in Akola is a well-known spiritual destination dedicated to Lord Hanuman, popularly worshipped as Balaji. The temple was established around the year 2014 in the Ganga Nagar area and has quickly gained popularity among devotees in the region.
The temple परिसर is spread across a large area of approximately 2 lakh square feet and includes a सुंदर garden, creating a शांत and devotional environment for visitors.
Inside the temple complex, along with Lord Hanuman, idols of Shri Ram Darbar, Radha-Krishna, and Shiv Parivar are also worshipped, making it a complete spiritual center.
The temple architecture features marble work and artistic decorations, giving it a grand and attractive appearance. The peaceful surroundings make it ideal for meditation and spiritual connection.
Devotees visit regularly to seek blessings for strength, protection, and removal of obstacles in life. Tuesdays and Saturdays are considered especially auspicious, attracting a large number of devotees.
Special पूजा, aarti, and religious gatherings are conducted on important occasions like Hanuman Jayanti.
The temple is well-maintained and offers a calm atmosphere away from city noise, making it a preferred place for families and devotees.
Due to its growing importance and serene environment, Salasar Balaji Temple has become one of the popular religious places in Akola district.",,"/uploads/temples/1776151769688-cropped-image.jpg",,,"[""/uploads/temples/1776151769691-cropped-image.jpg""]",,"4.5","0","Lord Hanuman","false","","9423144217","https://salsarbalaji.in","https://maps.app.goo.gl/KEKATdaVpZNKdKkV7","","false","cmnyamedl00esl0jz9n85o2uo","2026-04-14 07:21:35.05","2026-04-15 12:20:58.134","5","10","TMP-O8P4JS","salasar-balaji","true",,,,,,"salasar-balaji","slug","TEMPLE_QA779","false","[{""end"":""12:00 PM"",""label"":""Morning"",""start"":""08:00 AM"",""active"":true},{""end"":""07:00 PM"",""label"":""Evening"",""start"":""04:00 PM"",""active"":true}]"
"cmnybrc4900f1l0jzpp7lb36a","Tape Hanuman Mandir ","Akola, Maharashtra","PX9R+HVQ, Mohta mill chal, Akola, Maharashtra 444006, India","Tape Hanuman Mandir is one of the well-known and spiritually significant temples located in Akola city. The temple is dedicated to Lord Hanuman, who is worshipped as the symbol of strength, devotion, and protection. It is considered one of the important Hanuman temples in the region and attracts a large number of devotees daily.
The temple is especially unique because devotees believe that Lord Hanuman here is present along with Mata Anjani, which makes it a rare and special place of worship.
The temple परिसर offers a peaceful and positive atmosphere, making it ideal for meditation and spiritual connection. Devotees often visit to seek blessings for courage, success, and removal of obstacles in life.
Tuesdays and Saturdays are considered highly auspicious, and the temple sees heavy crowds on these days. Special पूजा, aarti, and Sundarkand path are performed regularly with great devotion.
The temple is located near the old Mohata Mill area and is easily accessible from different parts of the city.
Many devotees share that the temple has strong spiritual vibrations and provides a sense of peace and positivity.
The temple is simple in structure but deeply rooted in faith and devotion, making it a must-visit religious place in Akola.
Due to its popularity and spiritual importance, Tape Hanuman Mandir continues to attract devotees throughout the year.",,"/uploads/temples/1776153204952-cropped-image.jpg",,,"[""/uploads/temples/1776153204961-cropped-image.jpg""]",,"4.5","0","Lord Hanuman","false","","9422861435","https://tapehanuman.org","https://maps.app.goo.gl/NcKnkZnZKN249Ei57","","false","cmnybrc4900f0l0jz7btwhlua","2026-04-14 07:53:25.017","2026-04-15 12:20:58.134","5","10","TMP-MNC87U","tape-hanuman","true",,,,,,"tape-hanuman","slug","TEMPLE_78CUR","false","[{""end"":""01:00 PM"",""label"":""Morning"",""start"":""06:00 AM"",""active"":true},{""end"":""11:00 PM"",""label"":""Evening"",""start"":""01:00 PM"",""active"":true}]"
"cmnybwfff00f3l0jzvzakl5m5","Shri Bara Jyotirlinga Shiv Mandir","Akola, Maharashtra","Shri 12 Jyotirlinga Mandir, Ranpise Nagar, Akola, Maharashtra – 444005, India","Shri Bara Jyotirlinga Shiv Mandir in Akola is a unique and spiritually significant temple dedicated to Lord Shiva. The temple is special because it houses replicas of all the twelve sacred Jyotirlingas of India in one place, allowing devotees to experience the blessings of all Jyotirlingas without traveling across the country.
Jyotirlingas are considered the most sacred forms of Lord Shiva, representing his infinite and divine energy, and are traditionally spread across different states of India.
This temple provides a rare opportunity for devotees to perform darshan of all twelve Jyotirlingas in a single परिसर, making it a very important spiritual center in Akola.
The temple maintains a शांत and devotional environment, attracting devotees who seek peace, blessings, and spiritual growth. Daily पूजा, abhishek, and aarti are performed with devotion.
The temple is well-maintained and known for its cleanliness and positive atmosphere. Devotees visit especially on Mondays and during festivals like Mahashivratri and Shravan month, when the temple becomes highly crowded.
It is also considered one of the most visited Shiva temples in Akola due to its unique concept and religious importance.
The temple’s location near the city center makes it easily accessible for devotees and visitors.
Due to its spiritual value and the presence of all Jyotirlingas, it holds a special place among Shiva devotees in the region.",,"/uploads/temples/1776153442517-cropped-image.jpg",,,"[]",,"4.5","0","Lord Shiva","false","","7798972095","https://barajyotirling.in","https://maps.app.goo.gl/gT8E3w52WGXF4V4A8","","false","cmnybwfff00f2l0jzelae1lmz","2026-04-14 07:57:22.587","2026-04-15 12:20:58.134","5","10","TMP-HNJQZI","bara-jyotirlinga","true",,,,,,"bara-jyotirlinga","slug","TEMPLE_TBIKL","false","[{""end"":""01:00 PM"",""label"":""Morning"",""start"":""04:00 AM"",""active"":true},{""end"":""10:15 PM"",""label"":""Evening"",""start"":""01:00 PM"",""active"":true}]"
"cmnyeukw500f5l0jzxlmgtbrm","Shri Siddhivinayak Ganesh Temple","Akola, Maharashtra","P2C9+9V4, nr. Shree Siddhivinayak Mandir, Jyoti Nagar, Jatharpeth, Akola, Maharashtra 444005, India","Shri Siddhivinayak Ganesh Temple in Akola is a श्रद्धेय temple dedicated to Lord Ganesha, worshipped here in the form of Siddhivinayak, who is believed to fulfill devotees’ wishes and remove obstacles from life. The temple is located in the Jyoti Nagar, Jatharpeth area and is easily accessible for devotees across the city.
The temple maintains a peaceful and devotional atmosphere, attracting daily visitors who come to seek blessings for success, prosperity, and happiness. Devotees especially visit on Tuesdays and during Ganesh Chaturthi, when the temple becomes a center of vibrant celebrations and spiritual energy.
The idol of Lord Ganesha is beautifully adorned and worshipped with daily पूजा, aarti, and offerings. The temple provides a calm environment suitable for meditation and spiritual connection.
Though the temple is not very large, it holds strong faith among local devotees and is considered a powerful place of worship. Regular rituals and religious activities are conducted, and prasadam is distributed to visitors.
Due to its religious importance and steady flow of devotees, the temple has become one of the well-known Ganesh temples in Akola. It continues to be a place where devotees come with श्रद्धा and leave with peace and positivity.",,"/uploads/temples/1776158395107-cropped-image.jpg",,,"[]",,"4.5","0","Lord Ganesha","false","","1231231234","https://sidhivinayktemple.in","https://maps.app.goo.gl/X4LgEvgP8xPnMTyX7","","false","cmnyeukw500f4l0jz6lrykr6v","2026-04-14 09:19:55.205","2026-04-15 12:20:58.134","5","10","TMP-0ASWXF","siddhivinayak-temple","true",,,,,,"siddhivinayak-temple","slug","TEMPLE_666QZ","false","[{""end"":""01:00 PM"",""label"":""Morning"",""start"":""06:00 AM"",""active"":true},{""end"":""10:00 PM"",""label"":""Evening"",""start"":""01:00 PM"",""active"":true}]"
"cmnyf93fc00f7l0jzz38rb0xi","Annapurna Mata Mandir","Akola, Maharashtra","PX28+W3J, MH SH 197, Akola, Maharashtra 444002, India","Annapurna Mata Mandir in Akola is a peaceful and spiritually significant temple dedicated to Goddess Annapurna, who is worshipped as the provider of food and nourishment. The temple is located slightly outside the main city area, offering a calm and serene environment ideal for prayer and meditation.
Devotees believe that Goddess Annapurna blesses her followers with abundance, prosperity, and fulfillment of basic needs. The temple is considered one of the few dedicated Annapurna Mata temples in the region, making it a special place of devotion.
The temple परिसर is spacious and well-maintained, with greenery and open space that enhances the peaceful atmosphere. Many visitors come here to spend quiet time and experience spiritual positivity.
Regular पूजा, aarti, and offerings are performed daily, and devotees often bring food items as offerings, symbolizing gratitude and devotion to the goddess.
The temple attracts more visitors on auspicious days, especially Tuesdays and during festivals like Navratri, when special rituals and celebrations are organized.
It is easily accessible by road and has good parking facilities for visitors.
Due to its calm surroundings and strong spiritual belief, Annapurna Mata Mandir is considered one of the must-visit temples in Akola for devotees seeking peace and blessings.",,"/uploads/temples/1776159072334-cropped-image.jpg",,,"[]",,"4.2","0","Goddess Annapurna","false","","9975591777","https://annapurnamata.in","https://maps.app.goo.gl/rW5VCi6SGF164PBv5","","false","cmnyf93fc00f6l0jzzwmpwkcl","2026-04-14 09:31:12.408","2026-04-15 12:20:58.134","5","10","TMP-X5IXRG","annapurna-mata","true",,,,,,"annapurna-mata","slug","TEMPLE_9WHHL","false","[{""end"":""01:00 PM"",""label"":""Morning"",""start"":""06:00 AM"",""active"":true},{""end"":""09:00 PM"",""label"":""Evening"",""start"":""01:00 PM"",""active"":true}]"
"cmnyfn11k00f9l0jz1pn7kwcx","BAPS Shri Swaminarayan Mandir","Akola, Maharashtra","BAPS Swaminarayan Mandir, Infront of Manav Motors, beside Khatu Shyam Mandir, Akola, Maharashtra 444002, India","BAPS Shri Swaminarayan Mandir in Akola is a newly developed and spiritually vibrant temple managed by the Bochasanwasi Akshar Purushottam Swaminarayan Sanstha (BAPS), a globally recognized spiritual organization. The temple was inaugurated in March 2024 with grand religious ceremonies and has quickly become an important devotional center in the city.
The temple is dedicated primarily to Bhagwan Swaminarayan and Aksharbrahma Gunatitanand Swami, along with other deities like Radha-Krishna and Hanumanji, making it a complete spiritual complex.
The architecture of the temple reflects traditional Swaminarayan style, with clean design, peaceful surroundings, and a highly disciplined devotional environment. Devotees experience a calm and divine atmosphere ideal for meditation and spiritual growth.
Daily rituals such as aarti, bhajan, and satsang are conducted regularly, promoting values like devotion, service, and moral living. The temple also actively engages youth and community through spiritual programs and social activities.
Festivals like Janmashtami, Ram Navami, and Swaminarayan Jayanti are celebrated with great enthusiasm, attracting large gatherings of devotees.
The temple premises are well-maintained and provide a शांत environment away from city noise, making it a perfect place for inner peace.
Due to its modern infrastructure and spiritual importance, the temple has become one of the prominent religious places in Akola within a short time.",,"/uploads/temples/1776159722398-cropped-image.jpg",,,"[""/uploads/temples/1776159722405-cropped-image.jpg""]",,"4.5","0","Bhagwan Swaminarayan","false","","1212121212","https://www.baps.org","https://maps.app.goo.gl/3yJqoiKi91YrHVFN6","","false","cmnyfn11k00f8l0jz4wgw7lkm","2026-04-14 09:42:02.505","2026-04-15 12:20:58.134","5","10","TMP-QGVJUY","swaminarayan-mandir","true",,,,,,"swaminarayan-mandir","slug","TEMPLE_5I0VT","false","[{""end"":""12:00 PM"",""label"":""Morning"",""start"":""07:30 AM"",""active"":true},{""end"":""08:45 PM"",""label"":""Evening"",""start"":""04:00 PM"",""active"":true}]"
"cmnygouzs00ffl0jzln7iu1ak","Shri Tulja Bhavani Mata Mandir","Anikat (Akola), Maharashtra","Shri Tulja Bhavani Mata Mandir, New Radhakisan Plots (Anikat area), Akola, Maharashtra – 444002, India","Shri Tulja Bhavani Mata Mandir located in Anikat area of Akola is a revered temple dedicated to Goddess Tulja Bhavani, a powerful form of Durga and one of the most worshipped deities in Maharashtra. The temple holds strong religious importance among local devotees who consider the goddess as a protector and fulfiller of wishes.
The temple is situated near the Morna river, providing a peaceful and natural environment that enhances the spiritual experience of visitors.
Devotees visit regularly to seek blessings for strength, prosperity, and protection from difficulties. The temple maintains a calm and devotional atmosphere suitable for prayer and meditation.
Daily पूजा and aarti are performed by priests, and devotees gather especially during Navratri, when the temple becomes a center of grand celebrations and spiritual activities.
Tulja Bhavani is widely regarded as a Kuldevi (family deity) by many Maharashtrian families, which increases the temple’s importance in the region.
The temple परिसर is simple yet spiritually vibrant, attracting devotees from nearby areas as well as visitors traveling through Akola.
Its riverside location and positive atmosphere make it a popular place for both devotion and relaxation.
Due to its religious significance and peaceful surroundings, the temple is considered one of the notable देवी temples in Akola.",,"/uploads/temples/1776161487530-cropped-image.jpg",,,"[]",,"4.5","0","Goddess Tulja Bhavani","false","","9011207172","https://tuljabhavani.in","https://maps.app.goo.gl/NFtLY5fUbEX3JUUx9","","false","cmnygouzr00fel0jz7fpjr8j1","2026-04-14 10:11:27.592","2026-04-15 12:20:58.134","5","10","TMP-PFHX59","tuljabhavani-mata","true",,,,,,"tuljabhavani-mata","slug","TEMPLE_X7OKI","false","[{""end"":""01:00 PM"",""label"":""Morning"",""start"":""06:00 AM"",""active"":true},{""end"":""08:00 PM"",""label"":""Evening"",""start"":""01:00 PM"",""active"":true}]"
"cmnygvaaz00fhl0jzo2zb6rl7","ISKCON temple Akola","Akola, Maharashtra","PX3W+53V, New Radhakisan Plots, Akola, Maharashtra 444001, India","ISKCON Akola is a spiritual center operated under the International Society for Krishna Consciousness, a global organization founded by A. C. Bhaktivedanta Swami Prabhupada. The temple serves as a hub for promoting Krishna consciousness through devotion, spiritual learning, and community service.
The temple is dedicated to Lord Krishna and follows the Gaudiya Vaishnav tradition, focusing on bhakti-yoga (devotional service) as a path to spiritual realization.
Devotees regularly participate in activities such as chanting the Hare Krishna Mahamantra, kirtan, Bhagavad Gita classes, and prasadam distribution.
The temple provides a peaceful and spiritually uplifting atmosphere where visitors can experience inner peace and divine connection. It also organizes padayatra, spiritual events, and youth programs to spread awareness about Vedic teachings.
Festivals like Janmashtami, Rath Yatra, and Gaura Purnima are celebrated with great enthusiasm, attracting many devotees from nearby areas.
The temple also focuses on community welfare through food distribution and spiritual education programs.
Though smaller compared to major ISKCON centers, it plays an important role in spreading devotion and values in the Akola region.
Due to its serene environment and devotional activities, ISKCON Akola is becoming a growing spiritual destination for devotees seeking peace and guidance.",,"/uploads/temples/1776162307282-cropped-image.jpg",,,"[]",,"4.5","0","Lord Radha-Krishna","false","","8828064508","https://www.iskcon.org","https://maps.app.goo.gl/RJWT37r2xa4Zjx266","","false","cmnygvaaz00fgl0jzfxkqyag9","2026-04-14 10:16:27.371","2026-04-15 12:20:58.134","5","10","TMP-63PEFU","iskon-akola","true",,,,,,"iskon-akola","slug","TEMPLE_29CKH","false","[{""end"":""01:00 PM"",""label"":""Morning"",""start"":""05:30 AM"",""active"":true},{""end"":""08:30 PM"",""label"":""Evening"",""start"":""01:00 PM"",""active"":true}]"
"cmnyhqg8700fjl0jzxcanol7h","Shri Adinath Swami Jain Temple, Akola","Akola, Maharashtra","Shri Adinath Swami Jain Temple, Tajnapeth, Baidpura, Akola, Maharashtra – 444001, India","Shri Adinath Swami Jain Temple in Akola is a well-known and ancient Jain temple dedicated to Bhagwan Adinath, the first Tirthankar of Jainism. The temple is located in the Tajnapeth area, which is a central and easily accessible part of the city. It is considered one of the oldest Jain temples in Akola, with a history of more than 100 years.
The temple holds great religious importance for the Jain community and attracts devotees who come to seek spiritual peace and blessings. The idol of Bhagwan Adinath is beautifully स्थापित and worshipped with great श्रद्धा. The temple provides a शांत and clean environment, ideal for meditation and inner reflection.
Devotees visit regularly for darshan, especially during Jain festivals like Mahavir Jayanti and Paryushan, when the temple becomes a center of religious activities. The temple also offers facilities like bhojanshala (food arrangements) for devotees on request, reflecting the community’s service-oriented values.
The architecture of the temple reflects traditional Jain design, with simplicity, cleanliness, and spiritual ambiance. The temple premises are well-maintained and provide a positive atmosphere for visitors.
Due to its historical importance and spiritual significance, Shri Adinath Swami Jain Temple is considered one of the key Jain धार्मिक places in Akola and continues to attract devotees throughout the year.",,"/uploads/temples/1776163241305-cropped-image.jpg",,,"[]",,"4.5","0","Bhagwan Adinath","false","","7242433059","https://adinathtemple.in","https://maps.app.goo.gl/Z8p5Gtv6vGqx4XSf9","","false","cmnyhqg8700fil0jz3jdm3l7g","2026-04-14 10:40:41.384","2026-04-15 12:20:58.134","5","10","TMP-HIDKW9","adinath-swamitemple","true",,,,,,"adinath-swamitemple","slug","TEMPLE_FP0BA","false","[{""end"":""11:30 PM"",""label"":""Morning"",""start"":""05:30 AM"",""active"":true},{""end"":""8:30 PM"",""label"":""Evening"",""start"":""05:03 PM"",""active"":true}]"
"cmnyic45t00fll0jz17s2nekk","Shri Rudrayani Devi Temple","Chincholi , Akola, Maharashtra","Shri Rudrayani Devi Temple, Chincholi Village, Taluka Barshi Takli, District Akola, Maharashtra – 444401, India","Shri Rudrayani Devi Temple is an ancient and highly revered temple located in Chincholi village of Akola district. The temple is dedicated to Goddess Rudrayani Devi, who is worshipped as a powerful form of Adi Shakti and is believed to protect the region and its people.
The temple is uniquely situated on the top of a hill, and devotees need to climb around 300–380 steps to reach the shrine, making the journey both spiritual and physically engaging.
According to local beliefs and legends, the temple has existed since ancient times and is associated with divine miracles and protection of the surrounding villages.
The peaceful natural surroundings and elevated location provide a calm and spiritually uplifting atmosphere for devotees. Many visitors also enjoy scenic views from the hilltop.
The temple attracts large crowds during Navratri, when special पूजा, aarti, and a grand jatra (fair) are organized with great devotion and उत्साह.
Devotees visit the temple to seek blessings for strength, prosperity, and protection from negative forces. The temple is also considered a popular trekking and picnic spot due to its scenic beauty.
The temple परिसर includes steps, resting points, and basic facilities for pilgrims. Despite its simple structure, it holds deep faith and cultural importance among devotees in Akola, Washim, and nearby regions.
Due to its historical significance, spiritual power, and natural beauty, Shri Rudrayani Devi Temple is considered one of the important Shakti temples in the Akola district.",,"/uploads/temples/1776164252096-cropped-image.jpg",,,"[""/uploads/temples/1776164252098-cropped-image.jpg""]",,"4.5","0","Chincholi (Barshi Takli), Akola, Maharashtra","false","","","","","","false","cmnyic45t00fkl0jzzfcbrcaa","2026-04-14 10:57:32.178","2026-04-15 12:20:58.134","5","10","TMP-9CJYM4","rudrayani-devi","true",,,,,,"rudrayani-devi","slug","TEMPLE_BKE9R","false","[{""end"":""01:00 PM"",""label"":""Morning"",""start"":""06:00 AM"",""active"":true},{""end"":""08:00 PM"",""label"":""Evening"",""start"":""01:00 PM"",""active"":true}]"
"cmnyisd5100fpl0jz5dzwwy0k","Shri Moreshwar Mahadev Temple, Sindkhed","Sindkhed , Akola, Maharashtra","Shri Moreshwar Mahadev Temple, Sindkhed Village, Taluka Barshi Takli, District Akola, Maharashtra – 444006, India","Shri Moreshwar Mahadev Temple located in Sindkhed village of Akola district is an ancient and spiritually significant temple dedicated to Lord Shiva. The temple is believed to have a Swayambhu Shivling, which is considered highly powerful and sacred by devotees. The structure of the temple reflects traditional Hemadpanti style architecture, indicating its historical importance and heritage value.
The temple is situated near the Morna River, adding to its peaceful and natural surroundings, which create a calm and devotional atmosphere for visitors. Devotees experience a deep sense of peace and positivity while visiting the temple.
The temple complex includes multiple small shrines dedicated to other deities like Parvati, Ganesha, Nandi, and Vitthal-Rukmini, making it a spiritually rich place.
A unique attraction of the temple is the annual celebration of the symbolic marriage of Lord Shiva and Goddess Parvati, which takes place around Ram Navami and draws many devotees from nearby areas.
The temple becomes highly crowded during Mahashivratri and the holy month of Shravan, when special पूजा, abhishek, and aarti are performed.
The serene village environment and traditional rituals make it a perfect place for spiritual reflection and devotion.
Due to its ancient significance, religious importance, and peaceful surroundings, Shri Moreshwar Mahadev Temple is considered one of the important Shiva temples in the Akola district.",,"/uploads/temples/1776165010242-cropped-image.jpg",,,"[]",,"4.5","0","Lord Shiva","false","","","https://moreshwarmahadev.in","https://maps.app.goo.gl/jaKJFxKCWL93p5We7","","false","cmnyisd5000fol0jzb8cn3oj2","2026-04-14 11:10:10.309","2026-04-15 12:20:58.134","5","10","TMP-XSSYG4","moreshwar-mahadev","true",,,,,,"moreshwar-mahadev","slug","TEMPLE_UYL0A","false","[{""end"":""01:00 PM"",""label"":""Morning"",""start"":""05:00 AM"",""active"":true},{""end"":""09:00 PM"",""label"":""Evening"",""start"":""01:00 PM"",""active"":true}]"
"cmnyj1ugm00frl0jz0gbxexjm","Shri Renuka Devi Temple, Patur","Patur, Akola, Maharashtra","Shri Renuka Devi Temple, Patur, District Akola, Maharashtra – 444501, India","Shri Renuka Devi Temple in Patur is a revered and ancient temple dedicated to Goddess Renuka Devi, who is worshipped as a powerful form of Adi Shakti and the mother of Lord Parashurama. The temple holds deep religious significance among local devotees and people from surrounding regions.
The temple is situated in a peaceful area of Patur and is known for its spiritual atmosphere and traditional worship practices. Devotees visit regularly to seek blessings for health, prosperity, and protection from difficulties.
Renuka Devi is widely respected in Maharashtra, especially as one of the important forms of the divine mother associated with Shakti worship traditions.
The temple becomes highly active during Navratri and Dussehra, when large gatherings, पूजा, aarti, and festive celebrations take place with great devotion.
Local traditions and rituals followed at the temple reflect the rich cultural heritage of the region. Many devotees believe that prayers offered here fulfill wishes and bring peace of mind.
The temple परिसर is simple but spiritually vibrant, providing a calm environment for meditation and devotion.
Due to its religious importance and continuous faith of devotees, Shri Renuka Devi Temple is considered one of the important Devi temples in Patur and Akola district.",,"/uploads/temples/1776165452574-cropped-image.jpg",,,"[]",,"4.5","0","Goddess Renuka Devi","false","","1212121212","https://renukadevi.in","https://maps.app.goo.gl/RJumX413NYqQ61RV9","","false","cmnyj1ugm00fql0jzzri1jr6i","2026-04-14 11:17:32.663","2026-04-15 12:20:58.134","5","10","TMP-8MK1D2","renukadevi-temple","true",,,,,,"renukadevi-temple","slug","TEMPLE_XLRYD","false","[{""end"":""01:00 PM"",""label"":""Morning"",""start"":""06:00 AM"",""active"":true},{""end"":""10:00 PM"",""label"":""Evening"",""start"":""01:00 PM"",""active"":true}]"
"cmnykq12500fwl0jzwif9u5uw","Shree Swami Samarth Sansthan","Murtijapur, Akola, Maharashtra","Shree Swami Samarth Sansthan, Murtijapur, District Akola, Maharashtra – 444107, India","Shree Swami Samarth Sansthan in Murtijapur is a revered spiritual center dedicated to Swami Samarth Maharaj, one of the most respected saints in Maharashtra. He is widely believed to be an incarnation of Lord Dattatreya and is known for his divine powers and teachings of devotion and faith.
The temple serves as a place for devotees to connect spiritually through prayer, meditation, and chanting of the Swami Samarth mantra. The atmosphere of the sansthan is peaceful and filled with positive energy, attracting devotees from nearby towns and villages.
Daily rituals such as aarti, bhajan, and paduka pooja are performed with devotion. Thursdays are considered especially important for Swami Samarth devotees, and the temple sees a larger crowd on this day.
The sansthan also organizes religious events, satsang, and community activities that promote spiritual awareness and social harmony. Devotees believe that Swami Samarth blesses them with protection, guidance, and समाधान to life problems.
The temple परिसर is simple yet spiritually vibrant, offering a calm environment for inner peace and reflection. Many devotees visit regularly as part of their daily routine.
Festivals like Datta Jayanti and Swami Samarth Prakat Din are celebrated with great श्रद्धा and participation.
Due to its religious importance and strong faith among followers, the sansthan is considered an important spiritual place in the Murtijapur region.",,"/uploads/temples/1776168260512-cropped-image.jpg",,,"[]",,"4.5","0","Swami Samarth","false","","1212121212","https://swamisamarth.in","https://maps.app.goo.gl/JtXLgbEMCqigvRUG7","","false","cmnykq12500fvl0jzuof8h5n4","2026-04-14 12:04:20.573","2026-04-15 12:20:58.134","5","10","TMP-NFNYFV","swami-samarth-sansthan","true",,,,,,"swami-samarth-sansthan","slug","TEMPLE_S85MF","false","[{""end"":""01:00 PM"",""label"":""Morning"",""start"":""05:30 AM"",""active"":true},{""end"":""09:00 PM"",""label"":""Evening"",""start"":""01:00 PM"",""active"":true}]"
"cmnylld2f00fyl0jza118ts6b","Mahalaxmi Mata Mandir ","Balapur, Akola, Maharashtra","Shri Mahalaxmi Mata Mandir, Balapur, District Akola, Maharashtra – 444302, India","Shri Mahalaxmi Mata Mandir located in Balapur is a respected and spiritually important temple dedicated to Goddess Mahalaxmi, who is worshipped as the goddess of wealth, prosperity, and well-being. The temple holds deep faith among local devotees and is visited regularly by people from Balapur and nearby villages.
The temple provides a peaceful and devotional environment where devotees come to offer prayers and seek blessings for financial stability, happiness, and success in life. The presence of the goddess is believed to bring positive energy and remove obstacles from devotees’ lives.
The temple is simple in structure but rich in spiritual significance, reflecting traditional rural temple culture of Maharashtra. Devotees visit especially on Fridays, which is considered an auspicious day for Goddess Mahalaxmi worship.
During festivals like Navratri and Diwali, the temple becomes a center of devotion with special पूजा, aarti, and decorations. Many devotees participate in rituals with great श्रद्धा and enthusiasm.
The temple remains open throughout the day, allowing devotees to visit at any convenient time. Its accessibility and calm surroundings make it a preferred place for daily darshan.
Due to its religious importance and strong local belief, Shri Mahalaxmi Mata Mandir is considered one of the notable Devi temples in Balapur area.",,"/uploads/temples/1776169722392-cropped-image.jpg",,,"[""/uploads/temples/1776169722397-cropped-image.jpg""]",,"4.5","0","Goddess Mahalaxmi","false","","1212121212","","https://maps.app.goo.gl/kgyRGa2cEEL6rVBy5","","false","cmnylld2f00fxl0jzfe3nk921","2026-04-14 12:28:42.471","2026-04-24 05:25:07.612","5","10","TMP-KUYQWH","mahalaxmi-mata-mandir","true",,,,,,"mahalaxmi-mata-mandir","slug","TEMPLE_Q11C2","false","[{""end"":""01:00 PM"",""label"":""Morning"",""start"":""07:00 AM"",""active"":true},{""end"":""10:00 PM"",""label"":""Evening"",""start"":""05:00 PM"",""active"":true}]"